-- MySQL dump 10.13  Distrib 8.0.40, for Linux (x86_64)
--
-- Host: 127.0.0.1    Database: comic
-- ------------------------------------------------------
-- Server version	8.0.40

/*!40101 SET @OLD_CHARACTER_SET_CLIENT=@@CHARACTER_SET_CLIENT */;
/*!40101 SET @OLD_CHARACTER_SET_RESULTS=@@CHARACTER_SET_RESULTS */;
/*!40101 SET @OLD_COLLATION_CONNECTION=@@COLLATION_CONNECTION */;
/*!50503 SET NAMES utf8mb4 */;
/*!40103 SET @OLD_TIME_ZONE=@@TIME_ZONE */;
/*!40103 SET TIME_ZONE='+00:00' */;
/*!40014 SET @OLD_UNIQUE_CHECKS=@@UNIQUE_CHECKS, UNIQUE_CHECKS=0 */;
/*!40014 SET @OLD_FOREIGN_KEY_CHECKS=@@FOREIGN_KEY_CHECKS, FOREIGN_KEY_CHECKS=0 */;
/*!40101 SET @OLD_SQL_MODE=@@SQL_MODE, SQL_MODE='NO_AUTO_VALUE_ON_ZERO' */;
/*!40111 SET @OLD_SQL_NOTES=@@SQL_NOTES, SQL_NOTES=0 */;

--
-- Current Database: `comic`
--

CREATE DATABASE /*!32312 IF NOT EXISTS*/ `comic` /*!40100 DEFAULT CHARACTER SET utf8mb4 COLLATE utf8mb4_0900_ai_ci */ /*!80016 DEFAULT ENCRYPTION='N' */;

USE `comic`;

--
-- Table structure for table `book_category`
--

DROP TABLE IF EXISTS `book_category`;
/*!40101 SET @saved_cs_client     = @@character_set_client */;
/*!50503 SET character_set_client = utf8mb4 */;
CREATE TABLE `book_category` (
  `category_id` int NOT NULL,
  `book_id` int NOT NULL,
  PRIMARY KEY (`category_id`,`book_id`),
  KEY `FK7k0c5mr0rx89i8jy5ges23jpe` (`book_id`),
  CONSTRAINT `FK7k0c5mr0rx89i8jy5ges23jpe` FOREIGN KEY (`book_id`) REFERENCES `books` (`id`),
  CONSTRAINT `FKiwvwb2bwuvg0017hh8kg5e8g1` FOREIGN KEY (`category_id`) REFERENCES `categories` (`id`)
) ENGINE=InnoDB DEFAULT CHARSET=utf8mb4 COLLATE=utf8mb4_unicode_ci;
/*!40101 SET character_set_client = @saved_cs_client */;

--
-- Dumping data for table `book_category`
--

LOCK TABLES `book_category` WRITE;
/*!40000 ALTER TABLE `book_category` DISABLE KEYS */;
INSERT INTO `book_category` VALUES (1,1),(2,2),(3,3),(4,4),(5,5),(6,6),(7,7),(8,8),(9,9),(10,10),(1,11),(2,12),(3,13),(4,14),(5,15),(6,16),(7,17),(8,18),(9,19),(1,20),(2,20),(3,20),(1,31),(2,31),(3,31),(4,31),(5,31),(6,31),(7,31),(8,31),(9,31),(10,31),(4,32),(5,32),(1,33),(3,33),(4,33);
/*!40000 ALTER TABLE `book_category` ENABLE KEYS */;
UNLOCK TABLES;

--
-- Table structure for table `books`
--

DROP TABLE IF EXISTS `books`;
/*!40101 SET @saved_cs_client     = @@character_set_client */;
/*!50503 SET character_set_client = utf8mb4 */;
CREATE TABLE `books` (
  `id` int NOT NULL AUTO_INCREMENT,
  `author` varchar(255) CHARACTER SET utf8mb4 COLLATE utf8mb4_unicode_ci DEFAULT NULL,
  `description` varchar(255) CHARACTER SET utf8mb4 COLLATE utf8mb4_unicode_ci DEFAULT NULL,
  `name` varchar(255) CHARACTER SET utf8mb4 COLLATE utf8mb4_unicode_ci DEFAULT NULL,
  `status` varchar(255) CHARACTER SET utf8mb4 COLLATE utf8mb4_unicode_ci DEFAULT NULL,
  `thumbnail` varchar(255) CHARACTER SET utf8mb4 COLLATE utf8mb4_unicode_ci DEFAULT NULL,
  `is_deleted` bit(1) DEFAULT b'0',
  PRIMARY KEY (`id`)
) ENGINE=InnoDB AUTO_INCREMENT=34 DEFAULT CHARSET=utf8mb4 COLLATE=utf8mb4_unicode_ci;
/*!40101 SET character_set_client = @saved_cs_client */;

--
-- Dumping data for table `books`
--

LOCK TABLES `books` WRITE;
/*!40000 ALTER TABLE `books` DISABLE KEYS */;
INSERT INTO `books` VALUES (1,'Đang cập nhật','Truyện tranh Thần Hồn Võ Đế được cập nhật nhanh và đầy đủ nhất tại Argon Comic. Bạn đọc đừng quên để lại bình luận và chia sẻ, ủng hộ Argon Comic ra các chương mới nhất của truyện Thần Hồn Võ Đế.','THẦN HỒN VÕ ĐẾ','UPDATING','https://img.dtruyen.com/public/images/large/hondevothanu4S7xag.jpg',_binary '\0'),(2,'Đang cập nhật','Chín ngàn năm trước, Tiên Võ Đế Tôn suất lĩnh trăm vạn thần tướng đánh vào Thái Cổ Hồng Hoang, lại không một người trở về, chỉ có một sợi chân hỏa còn sót lại thế gian. Chín ngàn năm sau, phế đồ môn pháiDiệp Thần, bị đuổi khỏi tông môn, không thể về nhà, ','TIÊN VÕ ĐẾ TÔN','UPDATING','https://cdn.myanimelist.net/images/anime/1071/135255.jpg',_binary '\0'),(3,'Đang cập nhật','Tôi là một cậu trai ước mơ làm \"chúa tể bóng tối\", chèo lái câu chuyện trong bóng tối, bí mật phô bày năng lực, tên là Shido. Vừa mới hớn hở vì được chuyển sinh đến thế giới khác và quyết định \"mình sẽ là chúa tể bóng đêm, ngấm ngầm loại bỏ giáo phái đen ','TA MUỐN TRỞ THÀNH CHÚA TỂ BÓNG TỐI!','UPDATING','https://cdn.myanimelist.net/images/anime/1874/121869.jpg',_binary '\0'),(4,'Đang cập nhật','Có một thế giới nơi phép thuật có thể chi phối mọi thứ nhưng sâu trong rừng có một thanh niên dành thời gian để luyện tập cơ bắp. Mặc dù không thể sử dụng phép thuật, nhưng cậu ta có một cuộc sống yên bình với cha mình...','MASHLE: MUSCLES AND MAGIC','UPDATING','https://m.media-amazon.com/images/M/MV5BM2M1Yzc5OTMtNWQxYS00NTg5LThiYjQtODRhZGMwODVkNjAyXkEyXkFqcGdeQXVyMTEzMTI1Mjk3._V1_.jpg',_binary '\0'),(5,'Đang cập nhật','Ta tên Mạnh Xuyên, năm nay mười lăm tuổi, là Đông Ninh phủ \"Kính Hồ đạo viện\" đương đại đại sư huynh.','THƯƠNG NGUYÊN ĐỒ','UPDATING','https://nae.vn/ttv/ttv/public/images/story/069a21a830ea41a1ddc9d2e603947f9de83cf912d335d388fcc26b48f4796304.jpg',_binary '\0'),(6,'Đang cập nhật','Truyện tranh Lăng Thiên Thần Đế được cập nhật nhanh và đầy đủ nhất tại NetTruyen. Bạn đọc đừng quên để lại bình luận và chia sẻ, ủng hộ NetTruyen ra các chương mới nhất của truyện Lăng Thiên Thần Đế.','LĂNG THIÊN THẦN ĐẾ','UPDATING','https://i7.bumcheo.info/manga/24/24878/00.thumb_500x.jpg',_binary '\0'),(7,'Đang cập nhật','Truyện tranh Tu La Kiếm Tôn được cập nhật nhanh và đầy đủ nhất tại NetTruyen. Bạn đọc đừng quên để lại bình luận và chia sẻ, ủng hộ NetTruyen ra các chương mới nhất của truyện Tu La Kiếm Tôn.','TU LA KIẾM TÔN','UPDATING','https://lh6.googleusercontent.com/proxy/7_8ydJCZ_q3WU6nYuDe2JlY7C3W9WlMRWNOZGdXH0kYJCOnI7W5WPyQp_LYjqaAH8mSNKCZU-deEfp8kajEL5SDyQD1en_LZ5PTEBDm9Hyfp_jA1MEplmU8BtllzUtdUJMYrP0g',_binary '\0'),(8,'Đang cập nhật','Vốn là học bá IQ cao thời hiện đại, bậc thầy chế tạo thủ công, bởi vì thức đêm làm việc quá sức mà chết, xuyên không đến thế giới tu tiên huyền nguyên đại lục nhập vào thân thể một tên phú nhị đại trong một gia tộc nghèo Tô Cảnh Nghiêu dựa vào tri thức hi','KHOA KỸ ĐẠI TIÊN TÔNG','UPDATING','https://encrypted-tbn0.gstatic.com/images?q=tbn:ANd9GcTVp7X2QVd8OIFpvpBqXcFBCr08ULnWVxSiOtTkpoauXA&s',_binary '\0'),(9,'Đang cập nhật','Thiên Vũ đại lục nhất đại truyền kỳ Tần Trần, bởi vì bạn tốt phản bội bất ngờ ngã xuống Võ vực. 300 năm sau, hắn chuyển sinh ở một cái nhận hết ức hiếp vương phủ con riêng trên người, lợi dụng kiếp trước trình độ, ngưng thần công, luyện thần đan, đi n','VÕ THẦN CHÚA TỂ','UPDATING','https://file.hstatic.net/200000122283/file/demon_slayer_kimetsu_no_yaiba__thanh_guom_diet_quy__853198b1021746c99324b768ff4542f8_grande.jpg',_binary '\0'),(10,'Đang cập nhật','Thần đồng tên giang mới có bảy tuổi sinh trưởng quá nhanh nên bị đoản mệnh, vì là khôi phục cuộc sống bình thường, mang theo ký ức trong cơ thể một vị đại thần tiên xông vào Tiên giới, từ đây đi tới trở thành bá chủ Tiên giới mở ra con đường truyền kỳ...','TA LÀ ĐẠI THẦN TIÊN','UPDATING','https://cdnntx.com/nettruyen/thumb/jujutsu-kaisen-chu-thuat-hoi-chien.jpg',_binary '\0'),(11,'Đang cập nhật','Đỉnh cao của võ đạo, là cô độc, là tịch mịch, là cuộc hành trình dài đằng đẵng, là ở nơi cao thì phải chịu lạnh. Trưởng thành trong nghịch cảnh, cầu sinh trong đường cùng mới có thể đột phá cực đạo võ đạo. Dương Khai, đệ tử thử việc quét rác của Lăng Tiêu','VÕ LUYỆN ĐỈNH PHONG','UPDATING','https://encrypted-tbn0.gstatic.com/images?q=tbn:ANd9GcQnxQLSdSxqwQjki5Mg6b4xsLwBPbmA7BtFZ17gHUP7jQ&s',_binary '\0'),(12,'Đang cập nhật','Nữ chính của chúng ta, Ninh Đóa Đóa, sau khi chuyển trường từ thành phố S về thành phố Q ven biển, ngày đầu tiên đi học, đã phát hiện ra một anh học bá trâu nhất trường, cũng là đệ nhất soái cơ, đang trốn một góc khóc hu hu do cô lạc đường khi tới trường,','THANH NINH CHI HẠ ','UPDATING','https://photo2.tinhte.vn/data/attachment-files/2022/04/5948817_61.jpg',_binary '\0'),(13,'Đang cập nhật','Yu Ijin - người duy nhất sống sót sau một vụ tai nạn máy bay thảm khốc khi anh còn nhỏ. Sau quãng thời gian 10 năm trở thành lính đánh thuê để hoàn thành giao kèo với người đã cứu mình, cậu đã trở về với gia đình ở quê hương. Một cuộc sống mới và cả sóng ','BẠN HỌC CỦA TÔI LÀ LÍNH ĐÁNH THUÊ','UPDATING','https://s1.fastscans.net/ban-hoc-cua-toi-la-linh-danh-thue/thumbnail/bhctlldt.png',_binary '\0'),(14,'Đang cập nhật','Trong chín năm, tôi luôn ở vị trí đầu tiên trong suốt cuộc đời học sinh của mình. Tôi nghĩ rằng một khi tôi vào cao trung, mọi thứ sẽ vẫn như cũ. Nhưng, tên khốn nào đó đã chiếm vi trí của tôi! nhưng không, tôi không muốn từ bỏ vị trí của mình!!!!','TÌNH YÊU TUỔI TRẺ','UPDATING','https://mangadex.org/covers/f664ae8a-7c44-4548-a60b-5cb6f00dd142/280887f7-3724-4b18-87fa-3cc6b7fec236.png.512.jpg',_binary '\0'),(15,'Đang cập nhật','Phách lối không phải là sai, cuồng vọng không phải tội, ta bản mạnh nhất, không cần để ý! Giáo hoa, người mẫu, ngự tỷ, ta đã thích, mang tới liền!','HỌC VIỆN CAO THỦ','UPDATING','http://alotruyentranh.com/ImageComicBig/hoc-vien-cao-thu-17424.jpg',_binary '\0'),(16,'Trọng Sinh Chi Ngược Tra Nữ Vương','Động tác tiêu chuẩn sau khi trọng sinh là gì? Tay trái đảo lộn cả nhà tra nam, tay trái ôm chặt đùi bá tổng. Cô vợ nhỏ:’’Chồng, em bị cấp trên tiền mãn kinh mắng là chó, làm sao đây?’’. Bá tổng: ‘’Đã sắp xếp xong, cho nữ vương đại nhân thăng chức để cấp t','SỰ TRẢ THÙ CỦA NỮ VƯƠNG','UPDATING','https://i1.wp.com/s2.anhvip.xyz/comics/su-tra-thu-cua-nu-vuong-1627360136.jpg',_binary '\0'),(17,'Đang cập nhật','Một cuộc giao dịch đã bắt cô ấy phải hiến thân cho người đàn ông tôn kính nhất, đáng sợ nhất ở thành phố Đông Lăng. Ban ngày, cô ấy là một người con gái bình thường như bao cô gái khác nhưng ban đêm cô lại trở thành món đồ chơi của anh ta… Hai tay cô bị é','DANH MÔN CHÍ ÁI','UPDATING','http://alotruyentranh.com/ImageComicBig/danh-mon-chi-ai-15688.jpg',_binary '\0'),(18,'Đang cập nhật','Mọi người dường như không nhận ra được sự tồn tại của tôi nhưng mà tại sao Kubo-san lại...!!','KUBO WONT LET ME BE INVISIBLE','UPDATING','https://cdn.myanimelist.net/images/anime/1818/132330.jpg',_binary '\0'),(19,'Đang cập nhật','Một học sinh lười biếng và một giáo viên nghiêm túc. Thoạt nhìn, có vẻ như họ đang ở trong tình trạng tồi tệ, nhưng mọi thứ trở nên khác biệt sau giờ học ...','THE TEACHER CAN NOT TELL ME LOVE','UPDATING','https://cdn.mangaclash.com/manga_5fdf114caf71c/f19f8e897023dc7e7159893c49b9be75/1.jpg',_binary '\0'),(20,'Nguyễn Văn A','Vào một ngày đẹp trời, tôi thức dậy và đột nhiên trở thành Quỷ vương, người mang trách nhiệm bảo vệ dungeon. Ở một thế giới tràn ngập bởi bạo lực. Những con quái khổng lồ ở khắp nơi, đấu tranh hằng ngày để sinh tồn. Tôi không còn lựa chọn nào khác ngoài t','MAOU NI NATTE NODE, DUNGEON TSUKUTTE JINGAI MUSUME TO HONOBONO SURU','FULL','https://static.wikia.nocookie.net/maou-ni-natta-node/images/0/01/LN_V13-01.jpg/revision/latest?cb=20220414213635',_binary '\0'),(31,'q','q','q','UPDATING','https://firebasestorage.googleapis.com/v0/b/comic-c7562.appspot.com/o/images%2Fc3cea109-51ad-4731-8593-0c55393f2687?alt=media&token=19b04173-de5c-4fe7-b7e7-92873efa548f',_binary ''),(32,'w','w','w','UPDATING','https://firebasestorage.googleapis.com/v0/b/comic-c7562.appspot.com/o/images%2Fa89bc568-c975-4ae5-bf7a-68e3305cc559?alt=media&token=90db24d5-5631-43f4-94f7-3e3e404448b5',_binary ''),(33,'nguyễn a','abc','truyện kiều','UPDATING','https://firebasestorage.googleapis.com/v0/b/comic-c7562.appspot.com/o/images%2F943b7c32-f7c8-4469-bce3-743b2f0f5ed0?alt=media&token=ac14c396-aeaf-449a-9ed8-b1d4290d61a9',_binary '');
/*!40000 ALTER TABLE `books` ENABLE KEYS */;
UNLOCK TABLES;

--
-- Table structure for table `categories`
--

DROP TABLE IF EXISTS `categories`;
/*!40101 SET @saved_cs_client     = @@character_set_client */;
/*!50503 SET character_set_client = utf8mb4 */;
CREATE TABLE `categories` (
  `id` int NOT NULL AUTO_INCREMENT,
  `description` varchar(255) CHARACTER SET utf8mb4 COLLATE utf8mb4_unicode_ci DEFAULT NULL,
  `name` varchar(255) CHARACTER SET utf8mb4 COLLATE utf8mb4_unicode_ci DEFAULT NULL,
  PRIMARY KEY (`id`)
) ENGINE=InnoDB AUTO_INCREMENT=11 DEFAULT CHARSET=utf8mb4 COLLATE=utf8mb4_unicode_ci;
/*!40101 SET character_set_client = @saved_cs_client */;

--
-- Dumping data for table `categories`
--

LOCK TABLES `categories` WRITE;
/*!40000 ALTER TABLE `categories` DISABLE KEYS */;
INSERT INTO `categories` VALUES (1,'Books with imaginative or fanciful themes, usually involving magic, supernatural events, or mythical creatures.','Tưởng tượng'),(2,'Books that explore speculative concepts such as futuristic science and technology, space exploration, time travel, and extraterrestrial life.','Khoa học viễn tưởng'),(3,'Books focused on romantic love relationships, typically featuring passionate attraction and emotional attachment between characters.','Lãng mạn'),(4,'Books involving a mysterious event or crime that needs to be solved by the protagonist.','Bí ẩn'),(5,'Books that create excitement, tension, and anticipation in the reader, often involving danger, suspense, and unexpected twists.','Kinh dị'),(6,'Books designed to evoke fear, dread, and terror in readers, often featuring supernatural elements, monsters, or psychological suspense.','Rùng rợn'),(7,'Books set in the past that blend fictional characters and events with historical settings and contexts.','Tiểu thuyết lịch sử'),(8,'Books based on real events, facts, and information, typically covering topics such as history, biography, science, self-help, and memoirs.','Phi hư cấu'),(9,'Books that narrate the life story of a real person, providing insights into their achievements, experiences, and contributions.','Tiểu sử'),(10,'Books aimed at helping individuals improve themselves, overcome challenges, and achieve personal growth and success.','Tự lực');
/*!40000 ALTER TABLE `categories` ENABLE KEYS */;
UNLOCK TABLES;

--
-- Table structure for table `chapter_contents`
--

DROP TABLE IF EXISTS `chapter_contents`;
/*!40101 SET @saved_cs_client     = @@character_set_client */;
/*!50503 SET character_set_client = utf8mb4 */;
CREATE TABLE `chapter_contents` (
  `id` int NOT NULL AUTO_INCREMENT,
  `link_image` text NOT NULL,
  `chapter_id` int NOT NULL,
  `is_deleted` tinyint(1) DEFAULT '0',
  PRIMARY KEY (`id`),
  KEY `FKfkh8u54wbmdd8q6ujl7x9rgg4` (`chapter_id`),
  CONSTRAINT `FKfkh8u54wbmdd8q6ujl7x9rgg4` FOREIGN KEY (`chapter_id`) REFERENCES `chapters` (`id`)
) ENGINE=InnoDB AUTO_INCREMENT=2154 DEFAULT CHARSET=utf8mb4 COLLATE=utf8mb4_0900_ai_ci;
/*!40101 SET character_set_client = @saved_cs_client */;

--
-- Dumping data for table `chapter_contents`
--

LOCK TABLES `chapter_contents` WRITE;
/*!40000 ALTER TABLE `chapter_contents` DISABLE KEYS */;
INSERT INTO `chapter_contents` VALUES (1,'https://dtcdnyacd.com/nettruyen/than-hon-vo-de/1/0.jpg',1,0),(2,'https://cmnvymn.com/nettruyen/than-hon-vo-de/1/1.jpg',1,0),(3,'https://dtcdnyacd.com/nettruyen/than-hon-vo-de/1/2.jpg',1,0),(4,'https://cmnvymn.com/nettruyen/than-hon-vo-de/1/3.jpg',1,0),(5,'https://dtcdnyacd.com/nettruyen/than-hon-vo-de/1/4.jpg',1,0),(6,'https://cmnvymn.com/nettruyen/than-hon-vo-de/1/5.jpg',1,0),(7,'https://dtcdnyacd.com/nettruyen/than-hon-vo-de/1/6.jpg',1,0),(8,'https://cmnvymn.com/nettruyen/than-hon-vo-de/1/7.jpg',1,0),(9,'https://dtcdnyacd.com/nettruyen/than-hon-vo-de/1/8.jpg',1,0),(10,'https://cmnvymn.com/nettruyen/than-hon-vo-de/1/9.jpg',1,0),(11,'https://dtcdnyacd.com/nettruyen/than-hon-vo-de/1/10.jpg',1,0),(12,'https://cmnvymn.com/nettruyen/than-hon-vo-de/1/11.jpg',1,0),(13,'https://dtcdnyacd.com/nettruyen/than-hon-vo-de/1/12.jpg',1,0),(14,'https://cmnvymn.com/nettruyen/than-hon-vo-de/1/13.jpg',1,0),(15,'https://dtcdnyacd.com/nettruyen/than-hon-vo-de/1/14.jpg',1,0),(16,'https://cmnvymn.com/nettruyen/than-hon-vo-de/1/15.jpg',1,0),(17,'https://dtcdnyacd.com/nettruyen/than-hon-vo-de/1/16.jpg',1,0),(18,'https://cmnvymn.com/nettruyen/than-hon-vo-de/1/17.jpg',1,0),(19,'https://dtcdnyacd.com/nettruyen/than-hon-vo-de/1/18.jpg',1,0),(20,'https://cmnvymn.com/nettruyen/than-hon-vo-de/1/19.jpg',1,0),(21,'https://dtcdnyacd.com/nettruyen/than-hon-vo-de/1/20.jpg',1,0),(22,'https://cmnvymn.com/nettruyen/than-hon-vo-de/1/21.jpg',1,0),(23,'https://dtcdnyacd.com/nettruyen/than-hon-vo-de/1/22.jpg',1,0),(24,'https://cmnvymn.com/nettruyen/than-hon-vo-de/1/23.jpg',1,0),(25,'https://dtcdnyacd.com/nettruyen/than-hon-vo-de/1/24.jpg',1,0),(26,'https://cmnvymn.com/nettruyen/than-hon-vo-de/1/25.jpg',1,0),(27,'https://dtcdnyacd.com/nettruyen/than-hon-vo-de/1/26.jpg',1,0),(28,'https://cmnvymn.com/nettruyen/than-hon-vo-de/1/27.jpg',1,0),(29,'https://dtcdnyacd.com/nettruyen/than-hon-vo-de/1/28.jpg',1,0),(30,'https://cmnvymn.com/nettruyen/than-hon-vo-de/1/29.jpg',1,0),(31,'https://dtcdnyacd.com/nettruyen/than-hon-vo-de/1/30.jpg',1,0),(32,'https://dtcdnyacd.com/nettruyen/than-hon-vo-de/2/0.jpg',2,0),(33,'https://cmnvymn.com/nettruyen/than-hon-vo-de/2/1.jpg',2,0),(34,'https://dtcdnyacd.com/nettruyen/than-hon-vo-de/2/2.jpg',2,0),(35,'https://cmnvymn.com/nettruyen/than-hon-vo-de/2/3.jpg',2,0),(36,'https://dtcdnyacd.com/nettruyen/than-hon-vo-de/2/4.jpg',2,0),(37,'https://cmnvymn.com/nettruyen/than-hon-vo-de/2/5.jpg',2,0),(38,'https://dtcdnyacd.com/nettruyen/than-hon-vo-de/2/6.jpg',2,0),(39,'https://cmnvymn.com/nettruyen/than-hon-vo-de/2/7.jpg',2,0),(40,'https://dtcdnyacd.com/nettruyen/than-hon-vo-de/2/8.jpg',2,0),(41,'https://cmnvymn.com/nettruyen/than-hon-vo-de/2/9.jpg',2,0),(42,'https://dtcdnyacd.com/nettruyen/than-hon-vo-de/2/10.jpg',2,0),(43,'https://cmnvymn.com/nettruyen/than-hon-vo-de/2/11.jpg',2,0),(44,'https://dtcdnyacd.com/nettruyen/than-hon-vo-de/2/12.jpg',2,0),(45,'https://cmnvymn.com/nettruyen/than-hon-vo-de/2/13.jpg',2,0),(46,'https://dtcdnyacd.com/nettruyen/than-hon-vo-de/2/14.jpg',2,0),(47,'https://cmnvymn.com/nettruyen/than-hon-vo-de/2/15.jpg',2,0),(48,'https://dtcdnyacd.com/nettruyen/than-hon-vo-de/2/16.jpg',2,0),(49,'https://cmnvymn.com/nettruyen/than-hon-vo-de/2/17.jpg',2,0),(50,'https://dtcdnyacd.com/nettruyen/than-hon-vo-de/2/18.jpg',2,0),(51,'https://cmnvymn.com/nettruyen/than-hon-vo-de/2/19.jpg',2,0),(52,'https://dtcdnyacd.com/nettruyen/than-hon-vo-de/2/20.jpg',2,0),(53,'https://cmnvymn.com/nettruyen/than-hon-vo-de/2/21.jpg',2,0),(54,'https://dtcdnyacd.com/nettruyen/than-hon-vo-de/2/22.jpg',2,0),(55,'https://cmnvymn.com/nettruyen/than-hon-vo-de/2/23.jpg',2,0),(56,'https://dtcdnyacd.com/nettruyen/than-hon-vo-de/2/24.jpg',2,0),(57,'https://cmnvymn.com/nettruyen/than-hon-vo-de/2/25.jpg',2,0),(58,'https://dtcdnyacd.com/nettruyen/than-hon-vo-de/2/26.jpg',2,0),(59,'https://cmnvymn.com/nettruyen/than-hon-vo-de/2/27.jpg',2,0),(60,'https://dtcdnyacd.com/nettruyen/than-hon-vo-de/2/28.jpg',2,0),(61,'https://cmnvymn.com/nettruyen/than-hon-vo-de/2/29.jpg',2,0),(62,'https://dtcdnyacd.com/nettruyen/than-hon-vo-de/2/30.jpg',2,0),(63,'https://dtcdnyacd.com/nettruyen/than-hon-vo-de/3/0.jpg',3,0),(64,'https://cmnvymn.com/nettruyen/than-hon-vo-de/3/1.jpg',3,0),(65,'https://dtcdnyacd.com/nettruyen/than-hon-vo-de/3/2.jpg',3,0),(66,'https://cmnvymn.com/nettruyen/than-hon-vo-de/3/3.jpg',3,0),(67,'https://dtcdnyacd.com/nettruyen/than-hon-vo-de/3/4.jpg',3,0),(68,'https://cmnvymn.com/nettruyen/than-hon-vo-de/3/5.jpg',3,0),(69,'https://dtcdnyacd.com/nettruyen/than-hon-vo-de/3/6.jpg',3,0),(70,'https://cmnvymn.com/nettruyen/than-hon-vo-de/3/7.jpg',3,0),(71,'https://dtcdnyacd.com/nettruyen/than-hon-vo-de/3/8.jpg',3,0),(72,'https://cmnvymn.com/nettruyen/than-hon-vo-de/3/9.jpg',3,0),(73,'https://dtcdnyacd.com/nettruyen/than-hon-vo-de/3/10.jpg',3,0),(74,'https://cmnvymn.com/nettruyen/than-hon-vo-de/3/11.jpg',3,0),(75,'https://dtcdnyacd.com/nettruyen/than-hon-vo-de/3/12.jpg',3,0),(76,'https://cmnvymn.com/nettruyen/than-hon-vo-de/3/13.jpg',3,0),(77,'https://dtcdnyacd.com/nettruyen/than-hon-vo-de/3/14.jpg',3,0),(78,'https://cmnvymn.com/nettruyen/than-hon-vo-de/3/15.jpg',3,0),(79,'https://dtcdnyacd.com/nettruyen/than-hon-vo-de/3/16.jpg',3,0),(80,'https://cmnvymn.com/nettruyen/than-hon-vo-de/3/17.jpg',3,0),(81,'https://dtcdnyacd.com/nettruyen/than-hon-vo-de/3/18.jpg',3,0),(82,'https://cmnvymn.com/nettruyen/than-hon-vo-de/3/19.jpg',3,0),(83,'https://dtcdnyacd.com/nettruyen/than-hon-vo-de/3/20.jpg',3,0),(84,'https://cmnvymn.com/nettruyen/than-hon-vo-de/3/21.jpg',3,0),(85,'https://dtcdnyacd.com/nettruyen/than-hon-vo-de/3/22.jpg',3,0),(86,'https://cmnvymn.com/nettruyen/than-hon-vo-de/3/23.jpg',3,0),(87,'https://dtcdnyacd.com/nettruyen/than-hon-vo-de/3/24.jpg',3,0),(88,'https://cmnvymn.com/nettruyen/than-hon-vo-de/3/25.jpg',3,0),(89,'https://dtcdnyacd.com/nettruyen/than-hon-vo-de/3/26.jpg',3,0),(90,'https://cmnvymn.com/nettruyen/than-hon-vo-de/3/27.jpg',3,0),(91,'https://dtcdnyacd.com/nettruyen/than-hon-vo-de/3/28.jpg',3,0),(92,'https://dtcdnyacd.com/nettruyen/tien-vo-de-ton/1/0.jpg',4,0),(93,'https://cmnvymn.com/nettruyen/tien-vo-de-ton/1/1.jpg',4,0),(94,'https://dtcdnyacd.com/nettruyen/tien-vo-de-ton/1/2.jpg',4,0),(95,'https://cmnvymn.com/nettruyen/tien-vo-de-ton/1/3.jpg',4,0),(96,'https://dtcdnyacd.com/nettruyen/tien-vo-de-ton/1/4.jpg',4,0),(97,'https://cmnvymn.com/nettruyen/tien-vo-de-ton/1/5.jpg',4,0),(98,'https://dtcdnyacd.com/nettruyen/tien-vo-de-ton/1/6.jpg',4,0),(99,'https://cmnvymn.com/nettruyen/tien-vo-de-ton/1/7.jpg',4,0),(100,'https://dtcdnyacd.com/nettruyen/tien-vo-de-ton/1/8.jpg',4,0),(101,'https://cmnvymn.com/nettruyen/tien-vo-de-ton/1/9.jpg',4,0),(102,'https://dtcdnyacd.com/nettruyen/tien-vo-de-ton/1/10.jpg',4,0),(103,'https://cmnvymn.com/nettruyen/tien-vo-de-ton/1/11.jpg',4,0),(104,'https://dtcdnyacd.com/nettruyen/tien-vo-de-ton/1/12.jpg',4,0),(105,'https://cmnvymn.com/nettruyen/tien-vo-de-ton/1/13.jpg',4,0),(106,'https://dtcdnyacd.com/nettruyen/tien-vo-de-ton/1/14.jpg',4,0),(107,'https://cmnvymn.com/nettruyen/tien-vo-de-ton/1/15.jpg',4,0),(108,'https://dtcdnyacd.com/nettruyen/tien-vo-de-ton/1/16.jpg',4,0),(109,'https://cmnvymn.com/nettruyen/tien-vo-de-ton/1/17.jpg',4,0),(110,'https://dtcdnyacd.com/nettruyen/tien-vo-de-ton/1/18.jpg',4,0),(111,'https://cmnvymn.com/nettruyen/tien-vo-de-ton/1/19.jpg',4,0),(112,'https://dtcdnyacd.com/nettruyen/tien-vo-de-ton/1/20.jpg',4,0),(113,'https://cmnvymn.com/nettruyen/tien-vo-de-ton/1/21.jpg',4,0),(114,'https://dtcdnyacd.com/nettruyen/tien-vo-de-ton/1/22.jpg',4,0),(115,'https://cmnvymn.com/nettruyen/tien-vo-de-ton/1/23.jpg',4,0),(116,'https://dtcdnyacd.com/nettruyen/tien-vo-de-ton/1/24.jpg',4,0),(117,'https://cmnvymn.com/nettruyen/tien-vo-de-ton/1/25.jpg',4,0),(118,'https://dtcdnyacd.com/nettruyen/tien-vo-de-ton/1/26.jpg',4,0),(119,'https://cmnvymn.com/nettruyen/tien-vo-de-ton/1/27.jpg',4,0),(120,'https://dtcdnyacd.com/nettruyen/tien-vo-de-ton/1/28.jpg',4,0),(121,'https://cmnvymn.com/nettruyen/tien-vo-de-ton/1/29.jpg',4,0),(122,'https://dtcdnyacd.com/nettruyen/tien-vo-de-ton/1/30.jpg',4,0),(123,'https://cmnvymn.com/nettruyen/tien-vo-de-ton/1/31.jpg',4,0),(124,'https://dtcdnyacd.com/nettruyen/tien-vo-de-ton/1/32.jpg',4,0),(125,'https://cmnvymn.com/nettruyen/tien-vo-de-ton/1/33.jpg',4,0),(126,'https://dtcdnyacd.com/nettruyen/tien-vo-de-ton/1/34.jpg',4,0),(127,'https://cmnvymn.com/nettruyen/tien-vo-de-ton/1/35.jpg',4,0),(128,'https://dtcdnyacd.com/nettruyen/tien-vo-de-ton/1/36.jpg',4,0),(129,'https://cmnvymn.com/nettruyen/tien-vo-de-ton/1/37.jpg',4,0),(130,'https://dtcdnyacd.com/nettruyen/tien-vo-de-ton/1/38.jpg',4,0),(131,'https://cmnvymn.com/nettruyen/tien-vo-de-ton/1/39.jpg',4,0),(132,'https://dtcdnyacd.com/nettruyen/tien-vo-de-ton/1/40.jpg',4,0),(133,'https://cmnvymn.com/nettruyen/tien-vo-de-ton/1/41.jpg',4,0),(134,'https://dtcdnyacd.com/nettruyen/tien-vo-de-ton/1/42.jpg',4,0),(135,'https://cmnvymn.com/nettruyen/tien-vo-de-ton/1/43.jpg',4,0),(136,'https://dtcdnyacd.com/nettruyen/tien-vo-de-ton/1/44.jpg',4,0),(137,'https://cmnvymn.com/nettruyen/tien-vo-de-ton/1/45.jpg',4,0),(138,'https://dtcdnyacd.com/nettruyen/tien-vo-de-ton/1/46.jpg',4,0),(139,'https://cmnvymn.com/nettruyen/tien-vo-de-ton/1/47.jpg',4,0),(140,'https://dtcdnyacd.com/nettruyen/tien-vo-de-ton/1/48.jpg',4,0),(141,'https://cmnvymn.com/nettruyen/tien-vo-de-ton/1/49.jpg',4,0),(142,'https://dtcdnyacd.com/nettruyen/tien-vo-de-ton/1/50.jpg',4,0),(143,'https://cmnvymn.com/nettruyen/tien-vo-de-ton/1/51.jpg',4,0),(144,'https://dtcdnyacd.com/nettruyen/tien-vo-de-ton/1/52.jpg',4,0),(145,'https://cmnvymn.com/nettruyen/tien-vo-de-ton/1/53.jpg',4,0),(146,'https://dtcdnyacd.com/nettruyen/tien-vo-de-ton/1/54.jpg',4,0),(147,'https://cmnvymn.com/nettruyen/tien-vo-de-ton/1/55.jpg',4,0),(148,'https://dtcdnyacd.com/nettruyen/tien-vo-de-ton/1/56.jpg',4,0),(149,'https://cmnvymn.com/nettruyen/tien-vo-de-ton/1/57.jpg',4,0),(150,'https://dtcdnyacd.com/nettruyen/tien-vo-de-ton/1/58.jpg',4,0),(151,'https://cmnvymn.com/nettruyen/tien-vo-de-ton/1/59.jpg',4,0),(152,'https://dtcdnyacd.com/nettruyen/tien-vo-de-ton/1/60.jpg',4,0),(153,'https://cmnvymn.com/nettruyen/tien-vo-de-ton/1/61.jpg',4,0),(154,'https://dtcdnyacd.com/nettruyen/tien-vo-de-ton/1/62.jpg',4,0),(155,'https://cmnvymn.com/nettruyen/tien-vo-de-ton/1/63.jpg',4,0),(156,'https://dtcdnyacd.com/nettruyen/tien-vo-de-ton/1/64.jpg',4,0),(157,'https://cmnvymn.com/nettruyen/tien-vo-de-ton/1/65.jpg',4,0),(158,'https://dtcdnyacd.com/nettruyen/tien-vo-de-ton/1/66.jpg',4,0),(159,'https://cmnvymn.com/nettruyen/tien-vo-de-ton/1/67.jpg',4,0),(160,'https://dtcdnyacd.com/nettruyen/tien-vo-de-ton/1/68.jpg',4,0),(161,'https://cmnvymn.com/nettruyen/tien-vo-de-ton/1/69.jpg',4,0),(162,'https://dtcdnyacd.com/nettruyen/tien-vo-de-ton/1/70.jpg',4,0),(163,'https://cmnvymn.com/nettruyen/tien-vo-de-ton/1/71.jpg',4,0),(164,'https://dtcdnyacd.com/nettruyen/tien-vo-de-ton/1/72.jpg',4,0),(165,'https://cmnvymn.com/nettruyen/tien-vo-de-ton/1/73.jpg',4,0),(166,'https://dtcdnyacd.com/nettruyen/tien-vo-de-ton/1/74.jpg',4,0),(167,'https://cmnvymn.com/nettruyen/tien-vo-de-ton/1/75.jpg',4,0),(168,'https://dtcdnyacd.com/nettruyen/tien-vo-de-ton/1/76.jpg',4,0),(169,'https://cmnvymn.com/nettruyen/tien-vo-de-ton/1/77.jpg',4,0),(170,'https://dtcdnyacd.com/nettruyen/tien-vo-de-ton/1/78.jpg',4,0),(171,'https://cmnvymn.com/nettruyen/tien-vo-de-ton/1/79.jpg',4,0),(172,'https://dtcdnyacd.com/nettruyen/tien-vo-de-ton/1/80.jpg',4,0),(173,'https://cmnvymn.com/nettruyen/tien-vo-de-ton/1/81.jpg',4,0),(174,'https://dtcdnyacd.com/nettruyen/tien-vo-de-ton/1/82.jpg',4,0),(175,'https://cmnvymn.com/nettruyen/tien-vo-de-ton/1/83.jpg',4,0),(176,'https://dtcdnyacd.com/nettruyen/tien-vo-de-ton/1/84.jpg',4,0),(177,'https://cmnvymn.com/nettruyen/tien-vo-de-ton/1/85.jpg',4,0),(178,'https://dtcdnyacd.com/nettruyen/tien-vo-de-ton/1/86.jpg',4,0),(179,'https://dtcdnyacd.com/nettruyen/tien-vo-de-ton/2/0.jpg',5,0),(180,'https://cmnvymn.com/nettruyen/tien-vo-de-ton/2/1.jpg',5,0),(181,'https://dtcdnyacd.com/nettruyen/tien-vo-de-ton/2/2.jpg',5,0),(182,'https://cmnvymn.com/nettruyen/tien-vo-de-ton/2/3.jpg',5,0),(183,'https://dtcdnyacd.com/nettruyen/tien-vo-de-ton/2/4.jpg',5,0),(184,'https://cmnvymn.com/nettruyen/tien-vo-de-ton/2/5.jpg',5,0),(185,'https://dtcdnyacd.com/nettruyen/tien-vo-de-ton/2/6.jpg',5,0),(186,'https://cmnvymn.com/nettruyen/tien-vo-de-ton/2/7.jpg',5,0),(187,'https://dtcdnyacd.com/nettruyen/tien-vo-de-ton/2/8.jpg',5,0),(188,'https://cmnvymn.com/nettruyen/tien-vo-de-ton/2/9.jpg',5,0),(189,'https://dtcdnyacd.com/nettruyen/tien-vo-de-ton/2/10.jpg',5,0),(190,'https://cmnvymn.com/nettruyen/tien-vo-de-ton/2/11.jpg',5,0),(191,'https://dtcdnyacd.com/nettruyen/tien-vo-de-ton/2/12.jpg',5,0),(192,'https://cmnvymn.com/nettruyen/tien-vo-de-ton/2/13.jpg',5,0),(193,'https://dtcdnyacd.com/nettruyen/tien-vo-de-ton/2/14.jpg',5,0),(194,'https://cmnvymn.com/nettruyen/tien-vo-de-ton/2/15.jpg',5,0),(195,'https://dtcdnyacd.com/nettruyen/tien-vo-de-ton/2/16.jpg',5,0),(196,'https://cmnvymn.com/nettruyen/tien-vo-de-ton/2/17.jpg',5,0),(197,'https://dtcdnyacd.com/nettruyen/tien-vo-de-ton/2/18.jpg',5,0),(198,'https://cmnvymn.com/nettruyen/tien-vo-de-ton/2/19.jpg',5,0),(199,'https://dtcdnyacd.com/nettruyen/tien-vo-de-ton/2/20.jpg',5,0),(200,'https://cmnvymn.com/nettruyen/tien-vo-de-ton/2/21.jpg',5,0),(201,'https://dtcdnyacd.com/nettruyen/tien-vo-de-ton/2/22.jpg',5,0),(202,'https://cmnvymn.com/nettruyen/tien-vo-de-ton/2/23.jpg',5,0),(203,'https://dtcdnyacd.com/nettruyen/tien-vo-de-ton/2/24.jpg',5,0),(204,'https://cmnvymn.com/nettruyen/tien-vo-de-ton/2/25.jpg',5,0),(205,'https://dtcdnyacd.com/nettruyen/tien-vo-de-ton/2/26.jpg',5,0),(206,'https://cmnvymn.com/nettruyen/tien-vo-de-ton/2/27.jpg',5,0),(207,'https://dtcdnyacd.com/nettruyen/tien-vo-de-ton/2/28.jpg',5,0),(208,'https://cmnvymn.com/nettruyen/tien-vo-de-ton/2/29.jpg',5,0),(209,'https://dtcdnyacd.com/nettruyen/tien-vo-de-ton/2/30.jpg',5,0),(210,'https://cmnvymn.com/nettruyen/tien-vo-de-ton/2/31.jpg',5,0),(211,'https://dtcdnyacd.com/nettruyen/tien-vo-de-ton/2/32.jpg',5,0),(212,'https://cmnvymn.com/nettruyen/tien-vo-de-ton/2/33.jpg',5,0),(213,'https://dtcdnyacd.com/nettruyen/tien-vo-de-ton/2/34.jpg',5,0),(214,'https://cmnvymn.com/nettruyen/tien-vo-de-ton/2/35.jpg',5,0),(215,'https://dtcdnyacd.com/nettruyen/tien-vo-de-ton/2/36.jpg',5,0),(216,'https://cmnvymn.com/nettruyen/tien-vo-de-ton/2/37.jpg',5,0),(217,'https://dtcdnyacd.com/nettruyen/tien-vo-de-ton/2/38.jpg',5,0),(218,'https://cmnvymn.com/nettruyen/tien-vo-de-ton/2/39.jpg',5,0),(219,'https://dtcdnyacd.com/nettruyen/tien-vo-de-ton/2/40.jpg',5,0),(220,'https://cmnvymn.com/nettruyen/tien-vo-de-ton/2/41.jpg',5,0),(221,'https://dtcdnyacd.com/nettruyen/tien-vo-de-ton/2/42.jpg',5,0),(222,'https://cmnvymn.com/nettruyen/tien-vo-de-ton/2/43.jpg',5,0),(223,'https://dtcdnyacd.com/nettruyen/tien-vo-de-ton/2/44.jpg',5,0),(224,'https://cmnvymn.com/nettruyen/tien-vo-de-ton/2/45.jpg',5,0),(225,'https://dtcdnyacd.com/nettruyen/tien-vo-de-ton/2/46.jpg',5,0),(226,'https://cmnvymn.com/nettruyen/tien-vo-de-ton/2/47.jpg',5,0),(227,'https://dtcdnyacd.com/nettruyen/tien-vo-de-ton/2/48.jpg',5,0),(228,'https://cmnvymn.com/nettruyen/tien-vo-de-ton/2/49.jpg',5,0),(229,'https://dtcdnyacd.com/nettruyen/tien-vo-de-ton/2/50.jpg',5,0),(230,'https://cmnvymn.com/nettruyen/tien-vo-de-ton/2/51.jpg',5,0),(231,'https://dtcdnyacd.com/nettruyen/tien-vo-de-ton/2/52.jpg',5,0),(232,'https://cmnvymn.com/nettruyen/tien-vo-de-ton/2/53.jpg',5,0),(233,'https://dtcdnyacd.com/nettruyen/tien-vo-de-ton/2/54.jpg',5,0),(234,'https://cmnvymn.com/nettruyen/tien-vo-de-ton/2/55.jpg',5,0),(235,'https://dtcdnyacd.com/nettruyen/tien-vo-de-ton/2/56.jpg',5,0),(236,'https://cmnvymn.com/nettruyen/tien-vo-de-ton/2/57.jpg',5,0),(237,'https://dtcdnyacd.com/nettruyen/tien-vo-de-ton/2/58.jpg',5,0),(238,'https://cmnvymn.com/nettruyen/tien-vo-de-ton/2/59.jpg',5,0),(239,'https://dtcdnyacd.com/nettruyen/tien-vo-de-ton/2/60.jpg',5,0),(240,'https://cmnvymn.com/nettruyen/tien-vo-de-ton/2/61.jpg',5,0),(241,'https://dtcdnyacd.com/nettruyen/tien-vo-de-ton/2/62.jpg',5,0),(242,'https://dtcdnyacd.com/nettruyen/tien-vo-de-ton/3/0.jpg',6,0),(243,'https://cmnvymn.com/nettruyen/tien-vo-de-ton/3/1.jpg',6,0),(244,'https://dtcdnyacd.com/nettruyen/tien-vo-de-ton/3/2.jpg',6,0),(245,'https://cmnvymn.com/nettruyen/tien-vo-de-ton/3/3.jpg',6,0),(246,'https://dtcdnyacd.com/nettruyen/tien-vo-de-ton/3/4.jpg',6,0),(247,'https://cmnvymn.com/nettruyen/tien-vo-de-ton/3/5.jpg',6,0),(248,'https://dtcdnyacd.com/nettruyen/tien-vo-de-ton/3/6.jpg',6,0),(249,'https://cmnvymn.com/nettruyen/tien-vo-de-ton/3/7.jpg',6,0),(250,'https://dtcdnyacd.com/nettruyen/tien-vo-de-ton/3/8.jpg',6,0),(251,'https://cmnvymn.com/nettruyen/tien-vo-de-ton/3/9.jpg',6,0),(252,'https://dtcdnyacd.com/nettruyen/tien-vo-de-ton/3/10.jpg',6,0),(253,'https://cmnvymn.com/nettruyen/tien-vo-de-ton/3/11.jpg',6,0),(254,'https://dtcdnyacd.com/nettruyen/tien-vo-de-ton/3/12.jpg',6,0),(255,'https://cmnvymn.com/nettruyen/tien-vo-de-ton/3/13.jpg',6,0),(256,'https://dtcdnyacd.com/nettruyen/tien-vo-de-ton/3/14.jpg',6,0),(257,'https://cmnvymn.com/nettruyen/tien-vo-de-ton/3/15.jpg',6,0),(258,'https://dtcdnyacd.com/nettruyen/tien-vo-de-ton/3/16.jpg',6,0),(259,'https://cmnvymn.com/nettruyen/tien-vo-de-ton/3/17.jpg',6,0),(260,'https://dtcdnyacd.com/nettruyen/tien-vo-de-ton/3/18.jpg',6,0),(261,'https://cmnvymn.com/nettruyen/tien-vo-de-ton/3/19.jpg',6,0),(262,'https://dtcdnyacd.com/nettruyen/tien-vo-de-ton/3/20.jpg',6,0),(263,'https://cmnvymn.com/nettruyen/tien-vo-de-ton/3/21.jpg',6,0),(264,'https://dtcdnyacd.com/nettruyen/tien-vo-de-ton/3/22.jpg',6,0),(265,'https://cmnvymn.com/nettruyen/tien-vo-de-ton/3/23.jpg',6,0),(266,'https://dtcdnyacd.com/nettruyen/tien-vo-de-ton/3/24.jpg',6,0),(267,'https://cmnvymn.com/nettruyen/tien-vo-de-ton/3/25.jpg',6,0),(268,'https://dtcdnyacd.com/nettruyen/tien-vo-de-ton/3/26.jpg',6,0),(269,'https://cmnvymn.com/nettruyen/tien-vo-de-ton/3/27.jpg',6,0),(270,'https://dtcdnyacd.com/nettruyen/tien-vo-de-ton/3/28.jpg',6,0),(271,'https://cmnvymn.com/nettruyen/tien-vo-de-ton/3/29.jpg',6,0),(272,'https://dtcdnyacd.com/nettruyen/tien-vo-de-ton/3/30.jpg',6,0),(273,'https://cmnvymn.com/nettruyen/tien-vo-de-ton/3/31.jpg',6,0),(274,'https://dtcdnyacd.com/nettruyen/tien-vo-de-ton/3/32.jpg',6,0),(275,'https://dtcdnyacd.com/nettruyen/tao-muon-tro-thanh-chua-te-bong-toi/1/0.jpg',7,0),(276,'https://cmnvymn.com/nettruyen/tao-muon-tro-thanh-chua-te-bong-toi/1/1.jpg',7,0),(277,'https://dtcdnyacd.com/nettruyen/tao-muon-tro-thanh-chua-te-bong-toi/1/2.jpg',7,0),(278,'https://cmnvymn.com/nettruyen/tao-muon-tro-thanh-chua-te-bong-toi/1/3.jpg',7,0),(279,'https://dtcdnyacd.com/nettruyen/tao-muon-tro-thanh-chua-te-bong-toi/1/4.jpg',7,0),(280,'https://cmnvymn.com/nettruyen/tao-muon-tro-thanh-chua-te-bong-toi/1/5.jpg',7,0),(281,'https://dtcdnyacd.com/nettruyen/tao-muon-tro-thanh-chua-te-bong-toi/1/6.jpg',7,0),(282,'https://cmnvymn.com/nettruyen/tao-muon-tro-thanh-chua-te-bong-toi/1/7.jpg',7,0),(283,'https://dtcdnyacd.com/nettruyen/tao-muon-tro-thanh-chua-te-bong-toi/1/8.jpg',7,0),(284,'https://cmnvymn.com/nettruyen/tao-muon-tro-thanh-chua-te-bong-toi/1/9.jpg',7,0),(285,'https://dtcdnyacd.com/nettruyen/tao-muon-tro-thanh-chua-te-bong-toi/1/10.jpg',7,0),(286,'https://cmnvymn.com/nettruyen/tao-muon-tro-thanh-chua-te-bong-toi/1/11.jpg',7,0),(287,'https://dtcdnyacd.com/nettruyen/tao-muon-tro-thanh-chua-te-bong-toi/1/12.jpg',7,0),(288,'https://cmnvymn.com/nettruyen/tao-muon-tro-thanh-chua-te-bong-toi/1/13.jpg',7,0),(289,'https://dtcdnyacd.com/nettruyen/tao-muon-tro-thanh-chua-te-bong-toi/1/14.jpg',7,0),(290,'https://cmnvymn.com/nettruyen/tao-muon-tro-thanh-chua-te-bong-toi/1/15.jpg',7,0),(291,'https://dtcdnyacd.com/nettruyen/tao-muon-tro-thanh-chua-te-bong-toi/1/16.jpg',7,0),(292,'https://cmnvymn.com/nettruyen/tao-muon-tro-thanh-chua-te-bong-toi/1/17.jpg',7,0),(293,'https://dtcdnyacd.com/nettruyen/tao-muon-tro-thanh-chua-te-bong-toi/1/18.jpg',7,0),(294,'https://cmnvymn.com/nettruyen/tao-muon-tro-thanh-chua-te-bong-toi/1/19.jpg',7,0),(295,'https://dtcdnyacd.com/nettruyen/tao-muon-tro-thanh-chua-te-bong-toi/1/20.jpg',7,0),(296,'https://cmnvymn.com/nettruyen/tao-muon-tro-thanh-chua-te-bong-toi/1/21.jpg',7,0),(297,'https://dtcdnyacd.com/nettruyen/tao-muon-tro-thanh-chua-te-bong-toi/1/22.jpg',7,0),(298,'https://cmnvymn.com/nettruyen/tao-muon-tro-thanh-chua-te-bong-toi/1/23.jpg',7,0),(299,'https://dtcdnyacd.com/nettruyen/tao-muon-tro-thanh-chua-te-bong-toi/1/24.jpg',7,0),(300,'https://cmnvymn.com/nettruyen/tao-muon-tro-thanh-chua-te-bong-toi/1/25.jpg',7,0),(301,'https://dtcdnyacd.com/nettruyen/tao-muon-tro-thanh-chua-te-bong-toi/1/26.jpg',7,0),(302,'https://cmnvymn.com/nettruyen/tao-muon-tro-thanh-chua-te-bong-toi/1/27.jpg',7,0),(303,'https://dtcdnyacd.com/nettruyen/tao-muon-tro-thanh-chua-te-bong-toi/1/28.jpg',7,0),(304,'https://cmnvymn.com/nettruyen/tao-muon-tro-thanh-chua-te-bong-toi/1/29.jpg',7,0),(305,'https://dtcdnyacd.com/nettruyen/tao-muon-tro-thanh-chua-te-bong-toi/1/30.jpg',7,0),(306,'https://cmnvymn.com/nettruyen/tao-muon-tro-thanh-chua-te-bong-toi/1/31.jpg',7,0),(307,'https://dtcdnyacd.com/nettruyen/tao-muon-tro-thanh-chua-te-bong-toi/1/32.jpg',7,0),(308,'https://cmnvymn.com/nettruyen/tao-muon-tro-thanh-chua-te-bong-toi/1/33.jpg',7,0),(309,'https://dtcdnyacd.com/nettruyen/tao-muon-tro-thanh-chua-te-bong-toi/1/34.jpg',7,0),(310,'https://cmnvymn.com/nettruyen/tao-muon-tro-thanh-chua-te-bong-toi/1/35.jpg',7,0),(311,'https://dtcdnyacd.com/nettruyen/tao-muon-tro-thanh-chua-te-bong-toi/1/36.jpg',7,0),(312,'https://cmnvymn.com/nettruyen/tao-muon-tro-thanh-chua-te-bong-toi/1/37.jpg',7,0),(313,'https://dtcdnyacd.com/nettruyen/tao-muon-tro-thanh-chua-te-bong-toi/1/38.jpg',7,0),(314,'https://cmnvymn.com/nettruyen/tao-muon-tro-thanh-chua-te-bong-toi/1/39.jpg',7,0),(315,'https://dtcdnyacd.com/nettruyen/tao-muon-tro-thanh-chua-te-bong-toi/1/40.jpg',7,0),(316,'https://dtcdnyacd.com/nettruyen/tao-muon-tro-thanh-chua-te-bong-toi/2/0.jpg',8,0),(317,'https://cmnvymn.com/nettruyen/tao-muon-tro-thanh-chua-te-bong-toi/2/1.jpg',8,0),(318,'https://dtcdnyacd.com/nettruyen/tao-muon-tro-thanh-chua-te-bong-toi/2/2.jpg',8,0),(319,'https://cmnvymn.com/nettruyen/tao-muon-tro-thanh-chua-te-bong-toi/2/3.jpg',8,0),(320,'https://dtcdnyacd.com/nettruyen/tao-muon-tro-thanh-chua-te-bong-toi/2/4.jpg',8,0),(321,'https://cmnvymn.com/nettruyen/tao-muon-tro-thanh-chua-te-bong-toi/2/5.jpg',8,0),(322,'https://dtcdnyacd.com/nettruyen/tao-muon-tro-thanh-chua-te-bong-toi/2/6.jpg',8,0),(323,'https://cmnvymn.com/nettruyen/tao-muon-tro-thanh-chua-te-bong-toi/2/7.jpg',8,0),(324,'https://dtcdnyacd.com/nettruyen/tao-muon-tro-thanh-chua-te-bong-toi/2/8.jpg',8,0),(325,'https://cmnvymn.com/nettruyen/tao-muon-tro-thanh-chua-te-bong-toi/2/9.jpg',8,0),(326,'https://dtcdnyacd.com/nettruyen/tao-muon-tro-thanh-chua-te-bong-toi/2/10.jpg',8,0),(327,'https://cmnvymn.com/nettruyen/tao-muon-tro-thanh-chua-te-bong-toi/2/11.jpg',8,0),(328,'https://dtcdnyacd.com/nettruyen/tao-muon-tro-thanh-chua-te-bong-toi/2/12.jpg',8,0),(329,'https://cmnvymn.com/nettruyen/tao-muon-tro-thanh-chua-te-bong-toi/2/13.jpg',8,0),(330,'https://dtcdnyacd.com/nettruyen/tao-muon-tro-thanh-chua-te-bong-toi/2/14.jpg',8,0),(331,'https://cmnvymn.com/nettruyen/tao-muon-tro-thanh-chua-te-bong-toi/2/15.jpg',8,0),(332,'https://dtcdnyacd.com/nettruyen/tao-muon-tro-thanh-chua-te-bong-toi/2/16.jpg',8,0),(333,'https://cmnvymn.com/nettruyen/tao-muon-tro-thanh-chua-te-bong-toi/2/17.jpg',8,0),(334,'https://dtcdnyacd.com/nettruyen/tao-muon-tro-thanh-chua-te-bong-toi/2/18.jpg',8,0),(335,'https://cmnvymn.com/nettruyen/tao-muon-tro-thanh-chua-te-bong-toi/2/19.jpg',8,0),(336,'https://dtcdnyacd.com/nettruyen/tao-muon-tro-thanh-chua-te-bong-toi/2/20.jpg',8,0),(337,'https://cmnvymn.com/nettruyen/tao-muon-tro-thanh-chua-te-bong-toi/2/21.jpg',8,0),(338,'https://dtcdnyacd.com/nettruyen/tao-muon-tro-thanh-chua-te-bong-toi/2/22.jpg',8,0),(339,'https://cmnvymn.com/nettruyen/tao-muon-tro-thanh-chua-te-bong-toi/2/23.jpg',8,0),(340,'https://dtcdnyacd.com/nettruyen/tao-muon-tro-thanh-chua-te-bong-toi/2/24.jpg',8,0),(341,'https://cmnvymn.com/nettruyen/tao-muon-tro-thanh-chua-te-bong-toi/2/25.jpg',8,0),(342,'https://dtcdnyacd.com/nettruyen/tao-muon-tro-thanh-chua-te-bong-toi/2/26.jpg',8,0),(343,'https://cmnvymn.com/nettruyen/tao-muon-tro-thanh-chua-te-bong-toi/2/27.jpg',8,0),(344,'https://dtcdnyacd.com/nettruyen/tao-muon-tro-thanh-chua-te-bong-toi/2/28.jpg',8,0),(345,'https://cmnvymn.com/nettruyen/tao-muon-tro-thanh-chua-te-bong-toi/2/29.jpg',8,0),(346,'https://dtcdnyacd.com/nettruyen/tao-muon-tro-thanh-chua-te-bong-toi/2/30.jpg',8,0),(347,'https://cmnvymn.com/nettruyen/tao-muon-tro-thanh-chua-te-bong-toi/2/31.jpg',8,0),(348,'https://dtcdnyacd.com/nettruyen/tao-muon-tro-thanh-chua-te-bong-toi/2/32.jpg',8,0),(349,'https://cmnvymn.com/nettruyen/tao-muon-tro-thanh-chua-te-bong-toi/2/33.jpg',8,0),(350,'https://dtcdnyacd.com/nettruyen/tao-muon-tro-thanh-chua-te-bong-toi/2/34.jpg',8,0),(351,'https://cmnvymn.com/nettruyen/tao-muon-tro-thanh-chua-te-bong-toi/2/35.jpg',8,0),(352,'https://dtcdnyacd.com/nettruyen/tao-muon-tro-thanh-chua-te-bong-toi/2/36.jpg',8,0),(353,'https://cmnvymn.com/nettruyen/tao-muon-tro-thanh-chua-te-bong-toi/2/37.jpg',8,0),(354,'https://dtcdnyacd.com/nettruyen/tao-muon-tro-thanh-chua-te-bong-toi/2/38.jpg',8,0),(355,'https://cmnvymn.com/nettruyen/tao-muon-tro-thanh-chua-te-bong-toi/2/39.jpg',8,0),(356,'https://dtcdnyacd.com/nettruyen/tao-muon-tro-thanh-chua-te-bong-toi/2/40.jpg',8,0),(357,'https://cmnvymn.com/nettruyen/tao-muon-tro-thanh-chua-te-bong-toi/2/41.jpg',8,0),(358,'https://dtcdnyacd.com/nettruyen/tao-muon-tro-thanh-chua-te-bong-toi/3/0.jpg',9,0),(359,'https://cmnvymn.com/nettruyen/tao-muon-tro-thanh-chua-te-bong-toi/3/1.jpg',9,0),(360,'https://dtcdnyacd.com/nettruyen/tao-muon-tro-thanh-chua-te-bong-toi/3/2.jpg',9,0),(361,'https://cmnvymn.com/nettruyen/tao-muon-tro-thanh-chua-te-bong-toi/3/3.jpg',9,0),(362,'https://dtcdnyacd.com/nettruyen/tao-muon-tro-thanh-chua-te-bong-toi/3/4.jpg',9,0),(363,'https://cmnvymn.com/nettruyen/tao-muon-tro-thanh-chua-te-bong-toi/3/5.jpg',9,0),(364,'https://dtcdnyacd.com/nettruyen/tao-muon-tro-thanh-chua-te-bong-toi/3/6.jpg',9,0),(365,'https://cmnvymn.com/nettruyen/tao-muon-tro-thanh-chua-te-bong-toi/3/7.jpg',9,0),(366,'https://dtcdnyacd.com/nettruyen/tao-muon-tro-thanh-chua-te-bong-toi/3/8.jpg',9,0),(367,'https://cmnvymn.com/nettruyen/tao-muon-tro-thanh-chua-te-bong-toi/3/9.jpg',9,0),(368,'https://dtcdnyacd.com/nettruyen/tao-muon-tro-thanh-chua-te-bong-toi/3/10.jpg',9,0),(369,'https://cmnvymn.com/nettruyen/tao-muon-tro-thanh-chua-te-bong-toi/3/11.jpg',9,0),(370,'https://dtcdnyacd.com/nettruyen/tao-muon-tro-thanh-chua-te-bong-toi/3/12.jpg',9,0),(371,'https://cmnvymn.com/nettruyen/tao-muon-tro-thanh-chua-te-bong-toi/3/13.jpg',9,0),(372,'https://dtcdnyacd.com/nettruyen/tao-muon-tro-thanh-chua-te-bong-toi/3/14.jpg',9,0),(373,'https://cmnvymn.com/nettruyen/tao-muon-tro-thanh-chua-te-bong-toi/3/15.jpg',9,0),(374,'https://dtcdnyacd.com/nettruyen/tao-muon-tro-thanh-chua-te-bong-toi/3/16.jpg',9,0),(375,'https://cmnvymn.com/nettruyen/tao-muon-tro-thanh-chua-te-bong-toi/3/17.jpg',9,0),(376,'https://dtcdnyacd.com/nettruyen/tao-muon-tro-thanh-chua-te-bong-toi/3/18.jpg',9,0),(377,'https://cmnvymn.com/nettruyen/tao-muon-tro-thanh-chua-te-bong-toi/3/19.jpg',9,0),(378,'https://dtcdnyacd.com/nettruyen/tao-muon-tro-thanh-chua-te-bong-toi/3/20.jpg',9,0),(379,'https://cmnvymn.com/nettruyen/tao-muon-tro-thanh-chua-te-bong-toi/3/21.jpg',9,0),(380,'https://dtcdnyacd.com/nettruyen/tao-muon-tro-thanh-chua-te-bong-toi/3/22.jpg',9,0),(381,'https://cmnvymn.com/nettruyen/tao-muon-tro-thanh-chua-te-bong-toi/3/23.jpg',9,0),(382,'https://dtcdnyacd.com/nettruyen/tao-muon-tro-thanh-chua-te-bong-toi/3/24.jpg',9,0),(383,'https://cmnvymn.com/nettruyen/tao-muon-tro-thanh-chua-te-bong-toi/3/25.jpg',9,0),(384,'https://dtcdnyacd.com/nettruyen/tao-muon-tro-thanh-chua-te-bong-toi/3/26.jpg',9,0),(385,'https://cmnvymn.com/nettruyen/tao-muon-tro-thanh-chua-te-bong-toi/3/27.jpg',9,0),(386,'https://dtcdnyacd.com/nettruyen/tao-muon-tro-thanh-chua-te-bong-toi/3/28.jpg',9,0),(387,'https://cmnvymn.com/nettruyen/tao-muon-tro-thanh-chua-te-bong-toi/3/29.jpg',9,0),(388,'https://dtcdnyacd.com/nettruyen/tao-muon-tro-thanh-chua-te-bong-toi/3/30.jpg',9,0),(389,'https://cmnvymn.com/nettruyen/tao-muon-tro-thanh-chua-te-bong-toi/3/31.jpg',9,0),(390,'https://dtcdnyacd.com/nettruyen/tao-muon-tro-thanh-chua-te-bong-toi/3/32.jpg',9,0),(391,'https://cmnvymn.com/nettruyen/tao-muon-tro-thanh-chua-te-bong-toi/3/33.jpg',9,0),(392,'https://dtcdnyacd.com/nettruyen/tao-muon-tro-thanh-chua-te-bong-toi/3/34.jpg',9,0),(393,'https://cmnvymn.com/nettruyen/tao-muon-tro-thanh-chua-te-bong-toi/3/35.jpg',9,0),(394,'https://dtcdnyacd.com/nettruyen/tao-muon-tro-thanh-chua-te-bong-toi/3/36.jpg',9,0),(395,'https://cmnvymn.com/nettruyen/tao-muon-tro-thanh-chua-te-bong-toi/3/37.jpg',9,0),(396,'https://dtcdnyacd.com/nettruyen/tao-muon-tro-thanh-chua-te-bong-toi/3/38.jpg',9,0),(397,'https://cmnvymn.com/nettruyen/tao-muon-tro-thanh-chua-te-bong-toi/3/39.jpg',9,0),(398,'https://dtcdnyacd.com/nettruyen/tao-muon-tro-thanh-chua-te-bong-toi/3/40.jpg',9,0),(399,'https://dtcdnyacd.com/nettruyen/mashle-magic-and-muscles/1/0.jpg',10,0),(400,'https://cmnvymn.com/nettruyen/mashle-magic-and-muscles/1/1.jpg',10,0),(401,'https://dtcdnyacd.com/nettruyen/mashle-magic-and-muscles/1/2.jpg',10,0),(402,'https://cmnvymn.com/nettruyen/mashle-magic-and-muscles/1/3.jpg',10,0),(403,'https://dtcdnyacd.com/nettruyen/mashle-magic-and-muscles/1/4.jpg',10,0),(404,'https://cmnvymn.com/nettruyen/mashle-magic-and-muscles/1/5.jpg',10,0),(405,'https://dtcdnyacd.com/nettruyen/mashle-magic-and-muscles/1/6.jpg',10,0),(406,'https://cmnvymn.com/nettruyen/mashle-magic-and-muscles/1/7.jpg',10,0),(407,'https://dtcdnyacd.com/nettruyen/mashle-magic-and-muscles/1/8.jpg',10,0),(408,'https://cmnvymn.com/nettruyen/mashle-magic-and-muscles/1/9.jpg',10,0),(409,'https://dtcdnyacd.com/nettruyen/mashle-magic-and-muscles/1/10.jpg',10,0),(410,'https://cmnvymn.com/nettruyen/mashle-magic-and-muscles/1/11.jpg',10,0),(411,'https://dtcdnyacd.com/nettruyen/mashle-magic-and-muscles/1/12.jpg',10,0),(412,'https://cmnvymn.com/nettruyen/mashle-magic-and-muscles/1/13.jpg',10,0),(413,'https://dtcdnyacd.com/nettruyen/mashle-magic-and-muscles/1/14.jpg',10,0),(414,'https://cmnvymn.com/nettruyen/mashle-magic-and-muscles/1/15.jpg',10,0),(415,'https://dtcdnyacd.com/nettruyen/mashle-magic-and-muscles/1/16.jpg',10,0),(416,'https://cmnvymn.com/nettruyen/mashle-magic-and-muscles/1/17.jpg',10,0),(417,'https://dtcdnyacd.com/nettruyen/mashle-magic-and-muscles/1/18.jpg',10,0),(418,'https://cmnvymn.com/nettruyen/mashle-magic-and-muscles/1/19.jpg',10,0),(419,'https://dtcdnyacd.com/nettruyen/mashle-magic-and-muscles/1/20.jpg',10,0),(420,'https://cmnvymn.com/nettruyen/mashle-magic-and-muscles/1/21.jpg',10,0),(421,'https://dtcdnyacd.com/nettruyen/mashle-magic-and-muscles/1/22.jpg',10,0),(422,'https://cmnvymn.com/nettruyen/mashle-magic-and-muscles/1/23.jpg',10,0),(423,'https://dtcdnyacd.com/nettruyen/mashle-magic-and-muscles/1/24.jpg',10,0),(424,'https://cmnvymn.com/nettruyen/mashle-magic-and-muscles/1/25.jpg',10,0),(425,'https://dtcdnyacd.com/nettruyen/mashle-magic-and-muscles/1/26.jpg',10,0),(426,'https://cmnvymn.com/nettruyen/mashle-magic-and-muscles/1/27.jpg',10,0),(427,'https://dtcdnyacd.com/nettruyen/mashle-magic-and-muscles/1/28.jpg',10,0),(428,'https://cmnvymn.com/nettruyen/mashle-magic-and-muscles/1/29.jpg',10,0),(429,'https://dtcdnyacd.com/nettruyen/mashle-magic-and-muscles/1/30.jpg',10,0),(430,'https://cmnvymn.com/nettruyen/mashle-magic-and-muscles/1/31.jpg',10,0),(431,'https://dtcdnyacd.com/nettruyen/mashle-magic-and-muscles/1/32.jpg',10,0),(432,'https://cmnvymn.com/nettruyen/mashle-magic-and-muscles/1/33.jpg',10,0),(433,'https://dtcdnyacd.com/nettruyen/mashle-magic-and-muscles/1/34.jpg',10,0),(434,'https://cmnvymn.com/nettruyen/mashle-magic-and-muscles/1/35.jpg',10,0),(435,'https://dtcdnyacd.com/nettruyen/mashle-magic-and-muscles/1/36.jpg',10,0),(436,'https://cmnvymn.com/nettruyen/mashle-magic-and-muscles/1/37.jpg',10,0),(437,'https://dtcdnyacd.com/nettruyen/mashle-magic-and-muscles/1/38.jpg',10,0),(438,'https://cmnvymn.com/nettruyen/mashle-magic-and-muscles/1/39.jpg',10,0),(439,'https://dtcdnyacd.com/nettruyen/mashle-magic-and-muscles/1/40.jpg',10,0),(440,'https://cmnvymn.com/nettruyen/mashle-magic-and-muscles/1/41.jpg',10,0),(441,'https://dtcdnyacd.com/nettruyen/mashle-magic-and-muscles/1/42.jpg',10,0),(442,'https://cmnvymn.com/nettruyen/mashle-magic-and-muscles/1/43.jpg',10,0),(443,'https://dtcdnyacd.com/nettruyen/mashle-magic-and-muscles/1/44.jpg',10,0),(444,'https://cmnvymn.com/nettruyen/mashle-magic-and-muscles/1/45.jpg',10,0),(445,'https://dtcdnyacd.com/nettruyen/mashle-magic-and-muscles/1/46.jpg',10,0),(446,'https://cmnvymn.com/nettruyen/mashle-magic-and-muscles/1/47.jpg',10,0),(447,'https://dtcdnyacd.com/nettruyen/mashle-magic-and-muscles/1/48.jpg',10,0),(448,'https://cmnvymn.com/nettruyen/mashle-magic-and-muscles/1/49.jpg',10,0),(449,'https://dtcdnyacd.com/nettruyen/mashle-magic-and-muscles/1/50.jpg',10,0),(450,'https://cmnvymn.com/nettruyen/mashle-magic-and-muscles/1/51.jpg',10,0),(451,'https://dtcdnyacd.com/nettruyen/mashle-magic-and-muscles/1/52.jpg',10,0),(452,'https://cmnvymn.com/nettruyen/mashle-magic-and-muscles/1/53.jpg',10,0),(453,'https://dtcdnyacd.com/nettruyen/mashle-magic-and-muscles/1/54.jpg',10,0),(454,'https://cmnvymn.com/nettruyen/mashle-magic-and-muscles/1/55.jpg',10,0),(455,'https://dtcdnyacd.com/nettruyen/mashle-magic-and-muscles/1/56.jpg',10,0),(456,'https://dtcdnyacd.com/nettruyen/mashle-magic-and-muscles/2/0.jpg',11,0),(457,'https://cmnvymn.com/nettruyen/mashle-magic-and-muscles/2/1.jpg',11,0),(458,'https://dtcdnyacd.com/nettruyen/mashle-magic-and-muscles/2/2.jpg',11,0),(459,'https://cmnvymn.com/nettruyen/mashle-magic-and-muscles/2/3.jpg',11,0),(460,'https://dtcdnyacd.com/nettruyen/mashle-magic-and-muscles/2/4.jpg',11,0),(461,'https://cmnvymn.com/nettruyen/mashle-magic-and-muscles/2/5.jpg',11,0),(462,'https://dtcdnyacd.com/nettruyen/mashle-magic-and-muscles/2/6.jpg',11,0),(463,'https://cmnvymn.com/nettruyen/mashle-magic-and-muscles/2/7.jpg',11,0),(464,'https://dtcdnyacd.com/nettruyen/mashle-magic-and-muscles/2/8.jpg',11,0),(465,'https://cmnvymn.com/nettruyen/mashle-magic-and-muscles/2/9.jpg',11,0),(466,'https://dtcdnyacd.com/nettruyen/mashle-magic-and-muscles/2/10.jpg',11,0),(467,'https://cmnvymn.com/nettruyen/mashle-magic-and-muscles/2/11.jpg',11,0),(468,'https://dtcdnyacd.com/nettruyen/mashle-magic-and-muscles/2/12.jpg',11,0),(469,'https://cmnvymn.com/nettruyen/mashle-magic-and-muscles/2/13.jpg',11,0),(470,'https://dtcdnyacd.com/nettruyen/mashle-magic-and-muscles/2/14.jpg',11,0),(471,'https://cmnvymn.com/nettruyen/mashle-magic-and-muscles/2/15.jpg',11,0),(472,'https://dtcdnyacd.com/nettruyen/mashle-magic-and-muscles/2/16.jpg',11,0),(473,'https://cmnvymn.com/nettruyen/mashle-magic-and-muscles/2/17.jpg',11,0),(474,'https://dtcdnyacd.com/nettruyen/mashle-magic-and-muscles/2/18.jpg',11,0),(475,'https://cmnvymn.com/nettruyen/mashle-magic-and-muscles/2/19.jpg',11,0),(476,'https://dtcdnyacd.com/nettruyen/mashle-magic-and-muscles/2/20.jpg',11,0),(477,'https://cmnvymn.com/nettruyen/mashle-magic-and-muscles/2/21.jpg',11,0),(478,'https://dtcdnyacd.com/nettruyen/mashle-magic-and-muscles/2/22.jpg',11,0),(479,'https://cmnvymn.com/nettruyen/mashle-magic-and-muscles/2/23.jpg',11,0),(480,'https://dtcdnyacd.com/nettruyen/mashle-magic-and-muscles/2/24.jpg',11,0),(481,'https://cmnvymn.com/nettruyen/mashle-magic-and-muscles/2/25.jpg',11,0),(482,'https://dtcdnyacd.com/nettruyen/mashle-magic-and-muscles/2/26.jpg',11,0),(483,'https://cmnvymn.com/nettruyen/mashle-magic-and-muscles/2/27.jpg',11,0),(484,'https://dtcdnyacd.com/nettruyen/mashle-magic-and-muscles/3/0.jpg',12,0),(485,'https://cmnvymn.com/nettruyen/mashle-magic-and-muscles/3/1.jpg',12,0),(486,'https://dtcdnyacd.com/nettruyen/mashle-magic-and-muscles/3/2.jpg',12,0),(487,'https://cmnvymn.com/nettruyen/mashle-magic-and-muscles/3/3.jpg',12,0),(488,'https://dtcdnyacd.com/nettruyen/mashle-magic-and-muscles/3/4.jpg',12,0),(489,'https://cmnvymn.com/nettruyen/mashle-magic-and-muscles/3/5.jpg',12,0),(490,'https://dtcdnyacd.com/nettruyen/mashle-magic-and-muscles/3/6.jpg',12,0),(491,'https://cmnvymn.com/nettruyen/mashle-magic-and-muscles/3/7.jpg',12,0),(492,'https://dtcdnyacd.com/nettruyen/mashle-magic-and-muscles/3/8.jpg',12,0),(493,'https://cmnvymn.com/nettruyen/mashle-magic-and-muscles/3/9.jpg',12,0),(494,'https://dtcdnyacd.com/nettruyen/mashle-magic-and-muscles/3/10.jpg',12,0),(495,'https://cmnvymn.com/nettruyen/mashle-magic-and-muscles/3/11.jpg',12,0),(496,'https://dtcdnyacd.com/nettruyen/mashle-magic-and-muscles/3/12.jpg',12,0),(497,'https://cmnvymn.com/nettruyen/mashle-magic-and-muscles/3/13.jpg',12,0),(498,'https://dtcdnyacd.com/nettruyen/mashle-magic-and-muscles/3/14.jpg',12,0),(499,'https://cmnvymn.com/nettruyen/mashle-magic-and-muscles/3/15.jpg',12,0),(500,'https://dtcdnyacd.com/nettruyen/mashle-magic-and-muscles/3/16.jpg',12,0),(501,'https://cmnvymn.com/nettruyen/mashle-magic-and-muscles/3/17.jpg',12,0),(502,'https://dtcdnyacd.com/nettruyen/mashle-magic-and-muscles/3/18.jpg',12,0),(503,'https://cmnvymn.com/nettruyen/mashle-magic-and-muscles/3/19.jpg',12,0),(504,'https://dtcdnyacd.com/nettruyen/mashle-magic-and-muscles/3/20.jpg',12,0),(505,'https://cmnvymn.com/nettruyen/mashle-magic-and-muscles/3/21.jpg',12,0),(506,'https://dtcdnyacd.com/nettruyen/mashle-magic-and-muscles/3/22.jpg',12,0),(507,'https://cmnvymn.com/nettruyen/mashle-magic-and-muscles/3/23.jpg',12,0),(508,'https://dtcdnyacd.com/nettruyen/mashle-magic-and-muscles/3/24.jpg',12,0),(509,'https://cmnvymn.com/nettruyen/mashle-magic-and-muscles/3/25.jpg',12,0),(510,'https://dtcdnyacd.com/nettruyen/thuong-nguyen-do/1/0.jpg',13,0),(511,'https://cmnvymn.com/nettruyen/thuong-nguyen-do/1/1.jpg',13,0),(512,'https://dtcdnyacd.com/nettruyen/thuong-nguyen-do/1/2.jpg',13,0),(513,'https://cmnvymn.com/nettruyen/thuong-nguyen-do/1/3.jpg',13,0),(514,'https://dtcdnyacd.com/nettruyen/thuong-nguyen-do/1/4.jpg',13,0),(515,'https://cmnvymn.com/nettruyen/thuong-nguyen-do/1/5.jpg',13,0),(516,'https://dtcdnyacd.com/nettruyen/thuong-nguyen-do/1/6.jpg',13,0),(517,'https://cmnvymn.com/nettruyen/thuong-nguyen-do/1/7.jpg',13,0),(518,'https://dtcdnyacd.com/nettruyen/thuong-nguyen-do/1/8.jpg',13,0),(519,'https://cmnvymn.com/nettruyen/thuong-nguyen-do/1/9.jpg',13,0),(520,'https://dtcdnyacd.com/nettruyen/thuong-nguyen-do/1/10.jpg',13,0),(521,'https://cmnvymn.com/nettruyen/thuong-nguyen-do/1/11.jpg',13,0),(522,'https://dtcdnyacd.com/nettruyen/thuong-nguyen-do/1/12.jpg',13,0),(523,'https://cmnvymn.com/nettruyen/thuong-nguyen-do/1/13.jpg',13,0),(524,'https://dtcdnyacd.com/nettruyen/thuong-nguyen-do/1/14.jpg',13,0),(525,'https://cmnvymn.com/nettruyen/thuong-nguyen-do/1/15.jpg',13,0),(526,'https://dtcdnyacd.com/nettruyen/thuong-nguyen-do/1/16.jpg',13,0),(527,'https://cmnvymn.com/nettruyen/thuong-nguyen-do/1/17.jpg',13,0),(528,'https://dtcdnyacd.com/nettruyen/thuong-nguyen-do/1/18.jpg',13,0),(529,'https://cmnvymn.com/nettruyen/thuong-nguyen-do/1/19.jpg',13,0),(530,'https://dtcdnyacd.com/nettruyen/thuong-nguyen-do/1/20.jpg',13,0),(531,'https://dtcdnyacd.com/nettruyen/thuong-nguyen-do/2/0.jpg',14,0),(532,'https://cmnvymn.com/nettruyen/thuong-nguyen-do/2/1.jpg',14,0),(533,'https://dtcdnyacd.com/nettruyen/thuong-nguyen-do/2/2.jpg',14,0),(534,'https://cmnvymn.com/nettruyen/thuong-nguyen-do/2/3.jpg',14,0),(535,'https://dtcdnyacd.com/nettruyen/thuong-nguyen-do/2/4.jpg',14,0),(536,'https://cmnvymn.com/nettruyen/thuong-nguyen-do/2/5.jpg',14,0),(537,'https://dtcdnyacd.com/nettruyen/thuong-nguyen-do/2/6.jpg',14,0),(538,'https://cmnvymn.com/nettruyen/thuong-nguyen-do/2/7.jpg',14,0),(539,'https://dtcdnyacd.com/nettruyen/thuong-nguyen-do/2/8.jpg',14,0),(540,'https://cmnvymn.com/nettruyen/thuong-nguyen-do/2/9.jpg',14,0),(541,'https://dtcdnyacd.com/nettruyen/thuong-nguyen-do/2/10.jpg',14,0),(542,'https://cmnvymn.com/nettruyen/thuong-nguyen-do/2/11.jpg',14,0),(543,'https://dtcdnyacd.com/nettruyen/thuong-nguyen-do/2/12.jpg',14,0),(544,'https://cmnvymn.com/nettruyen/thuong-nguyen-do/2/13.jpg',14,0),(545,'https://dtcdnyacd.com/nettruyen/thuong-nguyen-do/2/14.jpg',14,0),(546,'https://cmnvymn.com/nettruyen/thuong-nguyen-do/2/15.jpg',14,0),(547,'https://dtcdnyacd.com/nettruyen/thuong-nguyen-do/2/16.jpg',14,0),(548,'https://cmnvymn.com/nettruyen/thuong-nguyen-do/2/17.jpg',14,0),(549,'https://dtcdnyacd.com/nettruyen/thuong-nguyen-do/2/18.jpg',14,0),(550,'https://cmnvymn.com/nettruyen/thuong-nguyen-do/2/19.jpg',14,0),(551,'https://dtcdnyacd.com/nettruyen/thuong-nguyen-do/3/0.jpg',15,0),(552,'https://cmnvymn.com/nettruyen/thuong-nguyen-do/3/1.jpg',15,0),(553,'https://dtcdnyacd.com/nettruyen/thuong-nguyen-do/3/2.jpg',15,0),(554,'https://cmnvymn.com/nettruyen/thuong-nguyen-do/3/3.jpg',15,0),(555,'https://dtcdnyacd.com/nettruyen/thuong-nguyen-do/3/4.jpg',15,0),(556,'https://cmnvymn.com/nettruyen/thuong-nguyen-do/3/5.jpg',15,0),(557,'https://dtcdnyacd.com/nettruyen/thuong-nguyen-do/3/6.jpg',15,0),(558,'https://cmnvymn.com/nettruyen/thuong-nguyen-do/3/7.jpg',15,0),(559,'https://dtcdnyacd.com/nettruyen/thuong-nguyen-do/3/8.jpg',15,0),(560,'https://cmnvymn.com/nettruyen/thuong-nguyen-do/3/9.jpg',15,0),(561,'https://dtcdnyacd.com/nettruyen/thuong-nguyen-do/3/10.jpg',15,0),(562,'https://cmnvymn.com/nettruyen/thuong-nguyen-do/3/11.jpg',15,0),(563,'https://dtcdnyacd.com/nettruyen/thuong-nguyen-do/3/12.jpg',15,0),(564,'https://cmnvymn.com/nettruyen/thuong-nguyen-do/3/13.jpg',15,0),(565,'https://dtcdnyacd.com/nettruyen/thuong-nguyen-do/3/14.jpg',15,0),(566,'https://cmnvymn.com/nettruyen/thuong-nguyen-do/3/15.jpg',15,0),(567,'https://dtcdnyacd.com/nettruyen/thuong-nguyen-do/3/16.jpg',15,0),(568,'https://cmnvymn.com/nettruyen/thuong-nguyen-do/3/17.jpg',15,0),(569,'https://dtcdnyacd.com/nettruyen/thuong-nguyen-do/3/18.jpg',15,0),(570,'https://cmnvymn.com/nettruyen/thuong-nguyen-do/3/19.jpg',15,0),(571,'https://dtcdnyacd.com/nettruyen/lang-thien-than-de/1/0.jpg',16,0),(572,'https://cmnvymn.com/nettruyen/lang-thien-than-de/1/1.jpg',16,0),(573,'https://dtcdnyacd.com/nettruyen/lang-thien-than-de/1/2.jpg',16,0),(574,'https://cmnvymn.com/nettruyen/lang-thien-than-de/1/3.jpg',16,0),(575,'https://dtcdnyacd.com/nettruyen/lang-thien-than-de/1/4.jpg',16,0),(576,'https://cmnvymn.com/nettruyen/lang-thien-than-de/1/5.jpg',16,0),(577,'https://dtcdnyacd.com/nettruyen/lang-thien-than-de/1/6.jpg',16,0),(578,'https://cmnvymn.com/nettruyen/lang-thien-than-de/1/7.jpg',16,0),(579,'https://dtcdnyacd.com/nettruyen/lang-thien-than-de/1/8.jpg',16,0),(580,'https://cmnvymn.com/nettruyen/lang-thien-than-de/1/9.jpg',16,0),(581,'https://dtcdnyacd.com/nettruyen/lang-thien-than-de/1/10.jpg',16,0),(582,'https://cmnvymn.com/nettruyen/lang-thien-than-de/1/11.jpg',16,0),(583,'https://dtcdnyacd.com/nettruyen/lang-thien-than-de/1/12.jpg',16,0),(584,'https://cmnvymn.com/nettruyen/lang-thien-than-de/1/13.jpg',16,0),(585,'https://dtcdnyacd.com/nettruyen/lang-thien-than-de/1/14.jpg',16,0),(586,'https://cmnvymn.com/nettruyen/lang-thien-than-de/1/15.jpg',16,0),(587,'https://dtcdnyacd.com/nettruyen/lang-thien-than-de/1/16.jpg',16,0),(588,'https://cmnvymn.com/nettruyen/lang-thien-than-de/1/17.jpg',16,0),(589,'https://dtcdnyacd.com/nettruyen/lang-thien-than-de/1/18.jpg',16,0),(590,'https://cmnvymn.com/nettruyen/lang-thien-than-de/1/19.jpg',16,0),(591,'https://dtcdnyacd.com/nettruyen/lang-thien-than-de/1/20.jpg',16,0),(592,'https://cmnvymn.com/nettruyen/lang-thien-than-de/1/21.jpg',16,0),(593,'https://dtcdnyacd.com/nettruyen/lang-thien-than-de/1/22.jpg',16,0),(594,'https://dtcdnyacd.com/nettruyen/lang-thien-than-de/2/0.jpg',17,0),(595,'https://cmnvymn.com/nettruyen/lang-thien-than-de/2/1.jpg',17,0),(596,'https://dtcdnyacd.com/nettruyen/lang-thien-than-de/2/2.jpg',17,0),(597,'https://cmnvymn.com/nettruyen/lang-thien-than-de/2/3.jpg',17,0),(598,'https://dtcdnyacd.com/nettruyen/lang-thien-than-de/2/4.jpg',17,0),(599,'https://cmnvymn.com/nettruyen/lang-thien-than-de/2/5.jpg',17,0),(600,'https://dtcdnyacd.com/nettruyen/lang-thien-than-de/2/6.jpg',17,0),(601,'https://cmnvymn.com/nettruyen/lang-thien-than-de/2/7.jpg',17,0),(602,'https://dtcdnyacd.com/nettruyen/lang-thien-than-de/2/8.jpg',17,0),(603,'https://cmnvymn.com/nettruyen/lang-thien-than-de/2/9.jpg',17,0),(604,'https://dtcdnyacd.com/nettruyen/lang-thien-than-de/2/10.jpg',17,0),(605,'https://cmnvymn.com/nettruyen/lang-thien-than-de/2/11.jpg',17,0),(606,'https://dtcdnyacd.com/nettruyen/lang-thien-than-de/2/12.jpg',17,0),(607,'https://cmnvymn.com/nettruyen/lang-thien-than-de/2/13.jpg',17,0),(608,'https://dtcdnyacd.com/nettruyen/lang-thien-than-de/2/14.jpg',17,0),(609,'https://cmnvymn.com/nettruyen/lang-thien-than-de/2/15.jpg',17,0),(610,'https://dtcdnyacd.com/nettruyen/lang-thien-than-de/2/16.jpg',17,0),(611,'https://cmnvymn.com/nettruyen/lang-thien-than-de/2/17.jpg',17,0),(612,'https://dtcdnyacd.com/nettruyen/lang-thien-than-de/2/18.jpg',17,0),(613,'https://cmnvymn.com/nettruyen/lang-thien-than-de/2/19.jpg',17,0),(614,'https://dtcdnyacd.com/nettruyen/lang-thien-than-de/2/20.jpg',17,0),(615,'https://cmnvymn.com/nettruyen/lang-thien-than-de/2/21.jpg',17,0),(616,'https://dtcdnyacd.com/nettruyen/lang-thien-than-de/2/22.jpg',17,0),(617,'https://cmnvymn.com/nettruyen/lang-thien-than-de/2/23.jpg',17,0),(618,'https://dtcdnyacd.com/nettruyen/lang-thien-than-de/3/0.jpg',18,0),(619,'https://cmnvymn.com/nettruyen/lang-thien-than-de/3/1.jpg',18,0),(620,'https://dtcdnyacd.com/nettruyen/lang-thien-than-de/3/2.jpg',18,0),(621,'https://cmnvymn.com/nettruyen/lang-thien-than-de/3/3.jpg',18,0),(622,'https://dtcdnyacd.com/nettruyen/lang-thien-than-de/3/4.jpg',18,0),(623,'https://cmnvymn.com/nettruyen/lang-thien-than-de/3/5.jpg',18,0),(624,'https://dtcdnyacd.com/nettruyen/lang-thien-than-de/3/6.jpg',18,0),(625,'https://cmnvymn.com/nettruyen/lang-thien-than-de/3/7.jpg',18,0),(626,'https://dtcdnyacd.com/nettruyen/lang-thien-than-de/3/8.jpg',18,0),(627,'https://cmnvymn.com/nettruyen/lang-thien-than-de/3/9.jpg',18,0),(628,'https://dtcdnyacd.com/nettruyen/lang-thien-than-de/3/10.jpg',18,0),(629,'https://cmnvymn.com/nettruyen/lang-thien-than-de/3/11.jpg',18,0),(630,'https://dtcdnyacd.com/nettruyen/lang-thien-than-de/3/12.jpg',18,0),(631,'https://cmnvymn.com/nettruyen/lang-thien-than-de/3/13.jpg',18,0),(632,'https://dtcdnyacd.com/nettruyen/lang-thien-than-de/3/14.jpg',18,0),(633,'https://cmnvymn.com/nettruyen/lang-thien-than-de/3/15.jpg',18,0),(634,'https://dtcdnyacd.com/nettruyen/lang-thien-than-de/3/16.jpg',18,0),(635,'https://cmnvymn.com/nettruyen/lang-thien-than-de/3/17.jpg',18,0),(636,'https://dtcdnyacd.com/nettruyen/lang-thien-than-de/3/18.jpg',18,0),(637,'https://cmnvymn.com/nettruyen/lang-thien-than-de/3/19.jpg',18,0),(638,'https://dtcdnyacd.com/nettruyen/lang-thien-than-de/3/20.jpg',18,0),(639,'https://cmnvymn.com/nettruyen/lang-thien-than-de/3/21.jpg',18,0),(640,'https://dtcdnyacd.com/nettruyen/lang-thien-than-de/3/22.jpg',18,0),(641,'https://dtcdnyacd.com/nettruyen/tu-la-kiem-ton/1/0.jpg',19,0),(642,'https://cmnvymn.com/nettruyen/tu-la-kiem-ton/1/1.jpg',19,0),(643,'https://dtcdnyacd.com/nettruyen/tu-la-kiem-ton/1/2.jpg',19,0),(644,'https://cmnvymn.com/nettruyen/tu-la-kiem-ton/1/3.jpg',19,0),(645,'https://dtcdnyacd.com/nettruyen/tu-la-kiem-ton/1/4.jpg',19,0),(646,'https://cmnvymn.com/nettruyen/tu-la-kiem-ton/1/5.jpg',19,0),(647,'https://dtcdnyacd.com/nettruyen/tu-la-kiem-ton/1/6.jpg',19,0),(648,'https://cmnvymn.com/nettruyen/tu-la-kiem-ton/1/7.jpg',19,0),(649,'https://dtcdnyacd.com/nettruyen/tu-la-kiem-ton/1/8.jpg',19,0),(650,'https://cmnvymn.com/nettruyen/tu-la-kiem-ton/1/9.jpg',19,0),(651,'https://dtcdnyacd.com/nettruyen/tu-la-kiem-ton/1/10.jpg',19,0),(652,'https://cmnvymn.com/nettruyen/tu-la-kiem-ton/1/11.jpg',19,0),(653,'https://dtcdnyacd.com/nettruyen/tu-la-kiem-ton/1/12.jpg',19,0),(654,'https://cmnvymn.com/nettruyen/tu-la-kiem-ton/1/13.jpg',19,0),(655,'https://dtcdnyacd.com/nettruyen/tu-la-kiem-ton/1/14.jpg',19,0),(656,'https://cmnvymn.com/nettruyen/tu-la-kiem-ton/1/15.jpg',19,0),(657,'https://dtcdnyacd.com/nettruyen/tu-la-kiem-ton/1/16.jpg',19,0),(658,'https://cmnvymn.com/nettruyen/tu-la-kiem-ton/1/17.jpg',19,0),(659,'https://dtcdnyacd.com/nettruyen/tu-la-kiem-ton/1/18.jpg',19,0),(660,'https://cmnvymn.com/nettruyen/tu-la-kiem-ton/1/19.jpg',19,0),(661,'https://dtcdnyacd.com/nettruyen/tu-la-kiem-ton/1/20.jpg',19,0),(662,'https://cmnvymn.com/nettruyen/tu-la-kiem-ton/1/21.jpg',19,0),(663,'https://dtcdnyacd.com/nettruyen/tu-la-kiem-ton/1/22.jpg',19,0),(664,'https://cmnvymn.com/nettruyen/tu-la-kiem-ton/1/23.jpg',19,0),(665,'https://dtcdnyacd.com/nettruyen/tu-la-kiem-ton/1/24.jpg',19,0),(666,'https://cmnvymn.com/nettruyen/tu-la-kiem-ton/1/25.jpg',19,0),(667,'https://dtcdnyacd.com/nettruyen/tu-la-kiem-ton/1/26.jpg',19,0),(668,'https://cmnvymn.com/nettruyen/tu-la-kiem-ton/1/27.jpg',19,0),(669,'https://dtcdnyacd.com/nettruyen/tu-la-kiem-ton/1/28.jpg',19,0),(670,'https://cmnvymn.com/nettruyen/tu-la-kiem-ton/1/29.jpg',19,0),(671,'https://dtcdnyacd.com/nettruyen/tu-la-kiem-ton/1/30.jpg',19,0),(672,'https://cmnvymn.com/nettruyen/tu-la-kiem-ton/1/31.jpg',19,0),(673,'https://dtcdnyacd.com/nettruyen/tu-la-kiem-ton/1/32.jpg',19,0),(674,'https://cmnvymn.com/nettruyen/tu-la-kiem-ton/1/33.jpg',19,0),(675,'https://dtcdnyacd.com/nettruyen/tu-la-kiem-ton/1/34.jpg',19,0),(676,'https://cmnvymn.com/nettruyen/tu-la-kiem-ton/1/35.jpg',19,0),(677,'https://dtcdnyacd.com/nettruyen/tu-la-kiem-ton/1/36.jpg',19,0),(678,'https://cmnvymn.com/nettruyen/tu-la-kiem-ton/1/37.jpg',19,0),(679,'https://dtcdnyacd.com/nettruyen/tu-la-kiem-ton/1/38.jpg',19,0),(680,'https://cmnvymn.com/nettruyen/tu-la-kiem-ton/1/39.jpg',19,0),(681,'https://dtcdnyacd.com/nettruyen/tu-la-kiem-ton/1/40.jpg',19,0),(682,'https://cmnvymn.com/nettruyen/tu-la-kiem-ton/1/41.jpg',19,0),(683,'https://dtcdnyacd.com/nettruyen/tu-la-kiem-ton/1/42.jpg',19,0),(684,'https://cmnvymn.com/nettruyen/tu-la-kiem-ton/1/43.jpg',19,0),(685,'https://dtcdnyacd.com/nettruyen/tu-la-kiem-ton/1/44.jpg',19,0),(686,'https://cmnvymn.com/nettruyen/tu-la-kiem-ton/1/45.jpg',19,0),(687,'https://dtcdnyacd.com/nettruyen/tu-la-kiem-ton/1/46.jpg',19,0),(688,'https://cmnvymn.com/nettruyen/tu-la-kiem-ton/1/47.jpg',19,0),(689,'https://dtcdnyacd.com/nettruyen/tu-la-kiem-ton/1/48.jpg',19,0),(690,'https://cmnvymn.com/nettruyen/tu-la-kiem-ton/1/49.jpg',19,0),(691,'https://dtcdnyacd.com/nettruyen/tu-la-kiem-ton/1/50.jpg',19,0),(692,'https://cmnvymn.com/nettruyen/tu-la-kiem-ton/1/51.jpg',19,0),(693,'https://dtcdnyacd.com/nettruyen/tu-la-kiem-ton/1/52.jpg',19,0),(694,'https://cmnvymn.com/nettruyen/tu-la-kiem-ton/1/53.jpg',19,0),(695,'https://dtcdnyacd.com/nettruyen/tu-la-kiem-ton/1/54.jpg',19,0),(696,'https://cmnvymn.com/nettruyen/tu-la-kiem-ton/1/55.jpg',19,0),(697,'https://dtcdnyacd.com/nettruyen/tu-la-kiem-ton/1/56.jpg',19,0),(698,'https://cmnvymn.com/nettruyen/tu-la-kiem-ton/1/57.jpg',19,0),(699,'https://dtcdnyacd.com/nettruyen/tu-la-kiem-ton/1/58.jpg',19,0),(700,'https://cmnvymn.com/nettruyen/tu-la-kiem-ton/1/59.jpg',19,0),(701,'https://dtcdnyacd.com/nettruyen/tu-la-kiem-ton/1/60.jpg',19,0),(702,'https://cmnvymn.com/nettruyen/tu-la-kiem-ton/1/61.jpg',19,0),(703,'https://dtcdnyacd.com/nettruyen/tu-la-kiem-ton/1/62.jpg',19,0),(704,'https://cmnvymn.com/nettruyen/tu-la-kiem-ton/1/63.jpg',19,0),(705,'https://dtcdnyacd.com/nettruyen/tu-la-kiem-ton/1/64.jpg',19,0),(706,'https://cmnvymn.com/nettruyen/tu-la-kiem-ton/1/65.jpg',19,0),(707,'https://dtcdnyacd.com/nettruyen/tu-la-kiem-ton/1/66.jpg',19,0),(708,'https://cmnvymn.com/nettruyen/tu-la-kiem-ton/1/67.jpg',19,0),(709,'https://dtcdnyacd.com/nettruyen/tu-la-kiem-ton/1/68.jpg',19,0),(710,'https://cmnvymn.com/nettruyen/tu-la-kiem-ton/1/69.jpg',19,0),(711,'https://dtcdnyacd.com/nettruyen/tu-la-kiem-ton/1/70.jpg',19,0),(712,'https://cmnvymn.com/nettruyen/tu-la-kiem-ton/1/71.jpg',19,0),(713,'https://dtcdnyacd.com/nettruyen/tu-la-kiem-ton/1/72.jpg',19,0),(714,'https://cmnvymn.com/nettruyen/tu-la-kiem-ton/1/73.jpg',19,0),(715,'https://dtcdnyacd.com/nettruyen/tu-la-kiem-ton/1/74.jpg',19,0),(716,'https://cmnvymn.com/nettruyen/tu-la-kiem-ton/1/75.jpg',19,0),(717,'https://dtcdnyacd.com/nettruyen/tu-la-kiem-ton/1/76.jpg',19,0),(718,'https://cmnvymn.com/nettruyen/tu-la-kiem-ton/1/77.jpg',19,0),(719,'https://dtcdnyacd.com/nettruyen/tu-la-kiem-ton/1/78.jpg',19,0),(720,'https://cmnvymn.com/nettruyen/tu-la-kiem-ton/1/79.jpg',19,0),(721,'https://dtcdnyacd.com/nettruyen/tu-la-kiem-ton/1/80.jpg',19,0),(722,'https://cmnvymn.com/nettruyen/tu-la-kiem-ton/1/81.jpg',19,0),(723,'https://dtcdnyacd.com/nettruyen/tu-la-kiem-ton/1/82.jpg',19,0),(724,'https://cmnvymn.com/nettruyen/tu-la-kiem-ton/1/83.jpg',19,0),(725,'https://dtcdnyacd.com/nettruyen/tu-la-kiem-ton/1/84.jpg',19,0),(726,'https://cmnvymn.com/nettruyen/tu-la-kiem-ton/1/85.jpg',19,0),(727,'https://dtcdnyacd.com/nettruyen/tu-la-kiem-ton/1/86.jpg',19,0),(728,'https://cmnvymn.com/nettruyen/tu-la-kiem-ton/1/87.jpg',19,0),(729,'https://dtcdnyacd.com/nettruyen/tu-la-kiem-ton/1/88.jpg',19,0),(730,'https://cmnvymn.com/nettruyen/tu-la-kiem-ton/1/89.jpg',19,0),(731,'https://dtcdnyacd.com/nettruyen/tu-la-kiem-ton/1/90.jpg',19,0),(732,'https://cmnvymn.com/nettruyen/tu-la-kiem-ton/1/91.jpg',19,0),(733,'https://dtcdnyacd.com/nettruyen/tu-la-kiem-ton/1/92.jpg',19,0),(734,'https://cmnvymn.com/nettruyen/tu-la-kiem-ton/1/93.jpg',19,0),(735,'https://dtcdnyacd.com/nettruyen/tu-la-kiem-ton/1/94.jpg',19,0),(736,'https://cmnvymn.com/nettruyen/tu-la-kiem-ton/1/95.jpg',19,0),(737,'https://dtcdnyacd.com/nettruyen/tu-la-kiem-ton/1/96.jpg',19,0),(738,'https://cmnvymn.com/nettruyen/tu-la-kiem-ton/1/97.jpg',19,0),(739,'https://dtcdnyacd.com/nettruyen/tu-la-kiem-ton/1/98.jpg',19,0),(740,'https://cmnvymn.com/nettruyen/tu-la-kiem-ton/1/99.jpg',19,0),(741,'https://dtcdnyacd.com/nettruyen/tu-la-kiem-ton/1/100.jpg',19,0),(742,'https://cmnvymn.com/nettruyen/tu-la-kiem-ton/1/101.jpg',19,0),(743,'https://dtcdnyacd.com/nettruyen/tu-la-kiem-ton/1/102.jpg',19,0),(744,'https://cmnvymn.com/nettruyen/tu-la-kiem-ton/1/103.jpg',19,0),(745,'https://dtcdnyacd.com/nettruyen/tu-la-kiem-ton/1/104.jpg',19,0),(746,'https://cmnvymn.com/nettruyen/tu-la-kiem-ton/1/105.jpg',19,0),(747,'https://dtcdnyacd.com/nettruyen/tu-la-kiem-ton/1/106.jpg',19,0),(748,'https://cmnvymn.com/nettruyen/tu-la-kiem-ton/1/107.jpg',19,0),(749,'https://dtcdnyacd.com/nettruyen/tu-la-kiem-ton/1/108.jpg',19,0),(750,'https://dtcdnyacd.com/nettruyen/tu-la-kiem-ton/2/0.jpg',20,0),(751,'https://cmnvymn.com/nettruyen/tu-la-kiem-ton/2/1.jpg',20,0),(752,'https://dtcdnyacd.com/nettruyen/tu-la-kiem-ton/2/2.jpg',20,0),(753,'https://cmnvymn.com/nettruyen/tu-la-kiem-ton/2/3.jpg',20,0),(754,'https://dtcdnyacd.com/nettruyen/tu-la-kiem-ton/2/4.jpg',20,0),(755,'https://cmnvymn.com/nettruyen/tu-la-kiem-ton/2/5.jpg',20,0),(756,'https://dtcdnyacd.com/nettruyen/tu-la-kiem-ton/2/6.jpg',20,0),(757,'https://cmnvymn.com/nettruyen/tu-la-kiem-ton/2/7.jpg',20,0),(758,'https://dtcdnyacd.com/nettruyen/tu-la-kiem-ton/2/8.jpg',20,0),(759,'https://cmnvymn.com/nettruyen/tu-la-kiem-ton/2/9.jpg',20,0),(760,'https://dtcdnyacd.com/nettruyen/tu-la-kiem-ton/2/10.jpg',20,0),(761,'https://cmnvymn.com/nettruyen/tu-la-kiem-ton/2/11.jpg',20,0),(762,'https://dtcdnyacd.com/nettruyen/tu-la-kiem-ton/2/12.jpg',20,0),(763,'https://cmnvymn.com/nettruyen/tu-la-kiem-ton/2/13.jpg',20,0),(764,'https://dtcdnyacd.com/nettruyen/tu-la-kiem-ton/2/14.jpg',20,0),(765,'https://cmnvymn.com/nettruyen/tu-la-kiem-ton/2/15.jpg',20,0),(766,'https://dtcdnyacd.com/nettruyen/tu-la-kiem-ton/2/16.jpg',20,0),(767,'https://cmnvymn.com/nettruyen/tu-la-kiem-ton/2/17.jpg',20,0),(768,'https://dtcdnyacd.com/nettruyen/tu-la-kiem-ton/2/18.jpg',20,0),(769,'https://cmnvymn.com/nettruyen/tu-la-kiem-ton/2/19.jpg',20,0),(770,'https://dtcdnyacd.com/nettruyen/tu-la-kiem-ton/2/20.jpg',20,0),(771,'https://cmnvymn.com/nettruyen/tu-la-kiem-ton/2/21.jpg',20,0),(772,'https://dtcdnyacd.com/nettruyen/tu-la-kiem-ton/2/22.jpg',20,0),(773,'https://cmnvymn.com/nettruyen/tu-la-kiem-ton/2/23.jpg',20,0),(774,'https://dtcdnyacd.com/nettruyen/tu-la-kiem-ton/2/24.jpg',20,0),(775,'https://cmnvymn.com/nettruyen/tu-la-kiem-ton/2/25.jpg',20,0),(776,'https://dtcdnyacd.com/nettruyen/tu-la-kiem-ton/2/26.jpg',20,0),(777,'https://cmnvymn.com/nettruyen/tu-la-kiem-ton/2/27.jpg',20,0),(778,'https://dtcdnyacd.com/nettruyen/tu-la-kiem-ton/2/28.jpg',20,0),(779,'https://cmnvymn.com/nettruyen/tu-la-kiem-ton/2/29.jpg',20,0),(780,'https://dtcdnyacd.com/nettruyen/tu-la-kiem-ton/2/30.jpg',20,0),(781,'https://cmnvymn.com/nettruyen/tu-la-kiem-ton/2/31.jpg',20,0),(782,'https://dtcdnyacd.com/nettruyen/tu-la-kiem-ton/2/32.jpg',20,0),(783,'https://cmnvymn.com/nettruyen/tu-la-kiem-ton/2/33.jpg',20,0),(784,'https://dtcdnyacd.com/nettruyen/tu-la-kiem-ton/2/34.jpg',20,0),(785,'https://cmnvymn.com/nettruyen/tu-la-kiem-ton/2/35.jpg',20,0),(786,'https://dtcdnyacd.com/nettruyen/tu-la-kiem-ton/2/36.jpg',20,0),(787,'https://cmnvymn.com/nettruyen/tu-la-kiem-ton/2/37.jpg',20,0),(788,'https://dtcdnyacd.com/nettruyen/tu-la-kiem-ton/2/38.jpg',20,0),(789,'https://cmnvymn.com/nettruyen/tu-la-kiem-ton/2/39.jpg',20,0),(790,'https://dtcdnyacd.com/nettruyen/tu-la-kiem-ton/2/40.jpg',20,0),(791,'https://cmnvymn.com/nettruyen/tu-la-kiem-ton/2/41.jpg',20,0),(792,'https://dtcdnyacd.com/nettruyen/tu-la-kiem-ton/2/42.jpg',20,0),(793,'https://cmnvymn.com/nettruyen/tu-la-kiem-ton/2/43.jpg',20,0),(794,'https://dtcdnyacd.com/nettruyen/tu-la-kiem-ton/2/44.jpg',20,0),(795,'https://cmnvymn.com/nettruyen/tu-la-kiem-ton/2/45.jpg',20,0),(796,'https://dtcdnyacd.com/nettruyen/tu-la-kiem-ton/2/46.jpg',20,0),(797,'https://cmnvymn.com/nettruyen/tu-la-kiem-ton/2/47.jpg',20,0),(798,'https://dtcdnyacd.com/nettruyen/tu-la-kiem-ton/2/48.jpg',20,0),(799,'https://cmnvymn.com/nettruyen/tu-la-kiem-ton/2/49.jpg',20,0),(800,'https://dtcdnyacd.com/nettruyen/tu-la-kiem-ton/2/50.jpg',20,0),(801,'https://cmnvymn.com/nettruyen/tu-la-kiem-ton/2/51.jpg',20,0),(802,'https://dtcdnyacd.com/nettruyen/tu-la-kiem-ton/2/52.jpg',20,0),(803,'https://cmnvymn.com/nettruyen/tu-la-kiem-ton/2/53.jpg',20,0),(804,'https://dtcdnyacd.com/nettruyen/tu-la-kiem-ton/2/54.jpg',20,0),(805,'https://cmnvymn.com/nettruyen/tu-la-kiem-ton/2/55.jpg',20,0),(806,'https://dtcdnyacd.com/nettruyen/tu-la-kiem-ton/2/56.jpg',20,0),(807,'https://cmnvymn.com/nettruyen/tu-la-kiem-ton/2/57.jpg',20,0),(808,'https://dtcdnyacd.com/nettruyen/tu-la-kiem-ton/2/58.jpg',20,0),(809,'https://cmnvymn.com/nettruyen/tu-la-kiem-ton/2/59.jpg',20,0),(810,'https://dtcdnyacd.com/nettruyen/tu-la-kiem-ton/2/60.jpg',20,0),(811,'https://dtcdnyacd.com/nettruyen/tu-la-kiem-ton/3/0.jpg',21,0),(812,'https://cmnvymn.com/nettruyen/tu-la-kiem-ton/3/1.jpg',21,0),(813,'https://dtcdnyacd.com/nettruyen/tu-la-kiem-ton/3/2.jpg',21,0),(814,'https://cmnvymn.com/nettruyen/tu-la-kiem-ton/3/3.jpg',21,0),(815,'https://dtcdnyacd.com/nettruyen/tu-la-kiem-ton/3/4.jpg',21,0),(816,'https://cmnvymn.com/nettruyen/tu-la-kiem-ton/3/5.jpg',21,0),(817,'https://dtcdnyacd.com/nettruyen/tu-la-kiem-ton/3/6.jpg',21,0),(818,'https://cmnvymn.com/nettruyen/tu-la-kiem-ton/3/7.jpg',21,0),(819,'https://dtcdnyacd.com/nettruyen/tu-la-kiem-ton/3/8.jpg',21,0),(820,'https://cmnvymn.com/nettruyen/tu-la-kiem-ton/3/9.jpg',21,0),(821,'https://dtcdnyacd.com/nettruyen/tu-la-kiem-ton/3/10.jpg',21,0),(822,'https://cmnvymn.com/nettruyen/tu-la-kiem-ton/3/11.jpg',21,0),(823,'https://dtcdnyacd.com/nettruyen/tu-la-kiem-ton/3/12.jpg',21,0),(824,'https://cmnvymn.com/nettruyen/tu-la-kiem-ton/3/13.jpg',21,0),(825,'https://dtcdnyacd.com/nettruyen/tu-la-kiem-ton/3/14.jpg',21,0),(826,'https://cmnvymn.com/nettruyen/tu-la-kiem-ton/3/15.jpg',21,0),(827,'https://dtcdnyacd.com/nettruyen/tu-la-kiem-ton/3/16.jpg',21,0),(828,'https://cmnvymn.com/nettruyen/tu-la-kiem-ton/3/17.jpg',21,0),(829,'https://dtcdnyacd.com/nettruyen/tu-la-kiem-ton/3/18.jpg',21,0),(830,'https://cmnvymn.com/nettruyen/tu-la-kiem-ton/3/19.jpg',21,0),(831,'https://dtcdnyacd.com/nettruyen/tu-la-kiem-ton/3/20.jpg',21,0),(832,'https://cmnvymn.com/nettruyen/tu-la-kiem-ton/3/21.jpg',21,0),(833,'https://dtcdnyacd.com/nettruyen/tu-la-kiem-ton/3/22.jpg',21,0),(834,'https://cmnvymn.com/nettruyen/tu-la-kiem-ton/3/23.jpg',21,0),(835,'https://dtcdnyacd.com/nettruyen/tu-la-kiem-ton/3/24.jpg',21,0),(836,'https://cmnvymn.com/nettruyen/tu-la-kiem-ton/3/25.jpg',21,0),(837,'https://dtcdnyacd.com/nettruyen/tu-la-kiem-ton/3/26.jpg',21,0),(838,'https://cmnvymn.com/nettruyen/tu-la-kiem-ton/3/27.jpg',21,0),(839,'https://dtcdnyacd.com/nettruyen/tu-la-kiem-ton/3/28.jpg',21,0),(840,'https://cmnvymn.com/nettruyen/tu-la-kiem-ton/3/29.jpg',21,0),(841,'https://dtcdnyacd.com/nettruyen/tu-la-kiem-ton/3/30.jpg',21,0),(842,'https://cmnvymn.com/nettruyen/tu-la-kiem-ton/3/31.jpg',21,0),(843,'https://dtcdnyacd.com/nettruyen/tu-la-kiem-ton/3/32.jpg',21,0),(844,'https://cmnvymn.com/nettruyen/tu-la-kiem-ton/3/33.jpg',21,0),(845,'https://dtcdnyacd.com/nettruyen/tu-la-kiem-ton/3/34.jpg',21,0),(846,'https://cmnvymn.com/nettruyen/tu-la-kiem-ton/3/35.jpg',21,0),(847,'https://dtcdnyacd.com/nettruyen/tu-la-kiem-ton/3/36.jpg',21,0),(848,'https://cmnvymn.com/nettruyen/tu-la-kiem-ton/3/37.jpg',21,0),(849,'https://dtcdnyacd.com/nettruyen/tu-la-kiem-ton/3/38.jpg',21,0),(850,'https://cmnvymn.com/nettruyen/tu-la-kiem-ton/3/39.jpg',21,0),(851,'https://dtcdnyacd.com/nettruyen/tu-la-kiem-ton/3/40.jpg',21,0),(852,'https://cmnvymn.com/nettruyen/tu-la-kiem-ton/3/41.jpg',21,0),(853,'https://dtcdnyacd.com/nettruyen/khoa-ky-dai-tien-tong/1/0.jpg',22,0),(854,'https://cmnvymn.com/nettruyen/khoa-ky-dai-tien-tong/1/1.jpg',22,0),(855,'https://dtcdnyacd.com/nettruyen/khoa-ky-dai-tien-tong/1/2.jpg',22,0),(856,'https://cmnvymn.com/nettruyen/khoa-ky-dai-tien-tong/1/3.jpg',22,0),(857,'https://dtcdnyacd.com/nettruyen/khoa-ky-dai-tien-tong/1/4.jpg',22,0),(858,'https://cmnvymn.com/nettruyen/khoa-ky-dai-tien-tong/1/5.jpg',22,0),(859,'https://dtcdnyacd.com/nettruyen/khoa-ky-dai-tien-tong/1/6.jpg',22,0),(860,'https://cmnvymn.com/nettruyen/khoa-ky-dai-tien-tong/1/7.jpg',22,0),(861,'https://dtcdnyacd.com/nettruyen/khoa-ky-dai-tien-tong/1/8.jpg',22,0),(862,'https://cmnvymn.com/nettruyen/khoa-ky-dai-tien-tong/1/9.jpg',22,0),(863,'https://dtcdnyacd.com/nettruyen/khoa-ky-dai-tien-tong/1/10.jpg',22,0),(864,'https://cmnvymn.com/nettruyen/khoa-ky-dai-tien-tong/1/11.jpg',22,0),(865,'https://dtcdnyacd.com/nettruyen/khoa-ky-dai-tien-tong/1/12.jpg',22,0),(866,'https://cmnvymn.com/nettruyen/khoa-ky-dai-tien-tong/1/13.jpg',22,0),(867,'https://dtcdnyacd.com/nettruyen/khoa-ky-dai-tien-tong/1/14.jpg',22,0),(868,'https://cmnvymn.com/nettruyen/khoa-ky-dai-tien-tong/1/15.jpg',22,0),(869,'https://dtcdnyacd.com/nettruyen/khoa-ky-dai-tien-tong/2/0.jpg',23,0),(870,'https://cmnvymn.com/nettruyen/khoa-ky-dai-tien-tong/2/1.jpg',23,0),(871,'https://dtcdnyacd.com/nettruyen/khoa-ky-dai-tien-tong/2/2.jpg',23,0),(872,'https://cmnvymn.com/nettruyen/khoa-ky-dai-tien-tong/2/3.jpg',23,0),(873,'https://dtcdnyacd.com/nettruyen/khoa-ky-dai-tien-tong/2/4.jpg',23,0),(874,'https://cmnvymn.com/nettruyen/khoa-ky-dai-tien-tong/2/5.jpg',23,0),(875,'https://dtcdnyacd.com/nettruyen/khoa-ky-dai-tien-tong/2/6.jpg',23,0),(876,'https://cmnvymn.com/nettruyen/khoa-ky-dai-tien-tong/2/7.jpg',23,0),(877,'https://dtcdnyacd.com/nettruyen/khoa-ky-dai-tien-tong/2/8.jpg',23,0),(878,'https://cmnvymn.com/nettruyen/khoa-ky-dai-tien-tong/2/9.jpg',23,0),(879,'https://dtcdnyacd.com/nettruyen/khoa-ky-dai-tien-tong/2/10.jpg',23,0),(880,'https://cmnvymn.com/nettruyen/khoa-ky-dai-tien-tong/2/11.jpg',23,0),(881,'https://dtcdnyacd.com/nettruyen/khoa-ky-dai-tien-tong/2/12.jpg',23,0),(882,'https://cmnvymn.com/nettruyen/khoa-ky-dai-tien-tong/2/13.jpg',23,0),(883,'https://dtcdnyacd.com/nettruyen/khoa-ky-dai-tien-tong/2/14.jpg',23,0),(884,'https://cmnvymn.com/nettruyen/khoa-ky-dai-tien-tong/2/15.jpg',23,0),(885,'https://dtcdnyacd.com/nettruyen/khoa-ky-dai-tien-tong/2/16.jpg',23,0),(886,'https://cmnvymn.com/nettruyen/khoa-ky-dai-tien-tong/2/17.jpg',23,0),(887,'https://dtcdnyacd.com/nettruyen/khoa-ky-dai-tien-tong/2/18.jpg',23,0),(888,'https://cmnvymn.com/nettruyen/khoa-ky-dai-tien-tong/2/19.jpg',23,0),(889,'https://dtcdnyacd.com/nettruyen/khoa-ky-dai-tien-tong/2/20.jpg',23,0),(890,'https://cmnvymn.com/nettruyen/khoa-ky-dai-tien-tong/2/21.jpg',23,0),(891,'https://dtcdnyacd.com/nettruyen/khoa-ky-dai-tien-tong/2/22.jpg',23,0),(892,'https://cmnvymn.com/nettruyen/khoa-ky-dai-tien-tong/2/23.jpg',23,0),(893,'https://dtcdnyacd.com/nettruyen/khoa-ky-dai-tien-tong/2/24.jpg',23,0),(894,'https://cmnvymn.com/nettruyen/khoa-ky-dai-tien-tong/2/25.jpg',23,0),(895,'https://dtcdnyacd.com/nettruyen/khoa-ky-dai-tien-tong/2/26.jpg',23,0),(896,'https://cmnvymn.com/nettruyen/khoa-ky-dai-tien-tong/2/27.jpg',23,0),(897,'https://dtcdnyacd.com/nettruyen/khoa-ky-dai-tien-tong/2/28.jpg',23,0),(898,'https://cmnvymn.com/nettruyen/khoa-ky-dai-tien-tong/2/29.jpg',23,0),(899,'https://dtcdnyacd.com/nettruyen/khoa-ky-dai-tien-tong/2/30.jpg',23,0),(900,'https://cmnvymn.com/nettruyen/khoa-ky-dai-tien-tong/2/31.jpg',23,0),(901,'https://dtcdnyacd.com/nettruyen/khoa-ky-dai-tien-tong/2/32.jpg',23,0),(902,'https://cmnvymn.com/nettruyen/khoa-ky-dai-tien-tong/2/33.jpg',23,0),(903,'https://dtcdnyacd.com/nettruyen/khoa-ky-dai-tien-tong/2/34.jpg',23,0),(904,'https://cmnvymn.com/nettruyen/khoa-ky-dai-tien-tong/2/35.jpg',23,0),(905,'https://dtcdnyacd.com/nettruyen/khoa-ky-dai-tien-tong/3/0.jpg',24,0),(906,'https://cmnvymn.com/nettruyen/khoa-ky-dai-tien-tong/3/1.jpg',24,0),(907,'https://dtcdnyacd.com/nettruyen/khoa-ky-dai-tien-tong/3/2.jpg',24,0),(908,'https://cmnvymn.com/nettruyen/khoa-ky-dai-tien-tong/3/3.jpg',24,0),(909,'https://dtcdnyacd.com/nettruyen/khoa-ky-dai-tien-tong/3/4.jpg',24,0),(910,'https://cmnvymn.com/nettruyen/khoa-ky-dai-tien-tong/3/5.jpg',24,0),(911,'https://dtcdnyacd.com/nettruyen/khoa-ky-dai-tien-tong/3/6.jpg',24,0),(912,'https://cmnvymn.com/nettruyen/khoa-ky-dai-tien-tong/3/7.jpg',24,0),(913,'https://dtcdnyacd.com/nettruyen/khoa-ky-dai-tien-tong/3/8.jpg',24,0),(914,'https://cmnvymn.com/nettruyen/khoa-ky-dai-tien-tong/3/9.jpg',24,0),(915,'https://dtcdnyacd.com/nettruyen/khoa-ky-dai-tien-tong/3/10.jpg',24,0),(916,'https://cmnvymn.com/nettruyen/khoa-ky-dai-tien-tong/3/11.jpg',24,0),(917,'https://dtcdnyacd.com/nettruyen/khoa-ky-dai-tien-tong/3/12.jpg',24,0),(918,'https://cmnvymn.com/nettruyen/khoa-ky-dai-tien-tong/3/13.jpg',24,0),(919,'https://dtcdnyacd.com/nettruyen/khoa-ky-dai-tien-tong/3/14.jpg',24,0),(920,'https://cmnvymn.com/nettruyen/khoa-ky-dai-tien-tong/3/15.jpg',24,0),(921,'https://dtcdnyacd.com/nettruyen/khoa-ky-dai-tien-tong/3/16.jpg',24,0),(922,'https://cmnvymn.com/nettruyen/khoa-ky-dai-tien-tong/3/17.jpg',24,0),(923,'https://dtcdnyacd.com/nettruyen/khoa-ky-dai-tien-tong/3/18.jpg',24,0),(924,'https://cmnvymn.com/nettruyen/khoa-ky-dai-tien-tong/3/19.jpg',24,0),(925,'https://dtcdnyacd.com/nettruyen/khoa-ky-dai-tien-tong/3/20.jpg',24,0),(926,'https://cmnvymn.com/nettruyen/khoa-ky-dai-tien-tong/3/21.jpg',24,0),(927,'https://dtcdnyacd.com/nettruyen/khoa-ky-dai-tien-tong/3/22.jpg',24,0),(928,'https://cmnvymn.com/nettruyen/khoa-ky-dai-tien-tong/3/23.jpg',24,0),(929,'https://dtcdnyacd.com/nettruyen/khoa-ky-dai-tien-tong/3/24.jpg',24,0),(930,'https://cmnvymn.com/nettruyen/khoa-ky-dai-tien-tong/3/25.jpg',24,0),(931,'https://dtcdnyacd.com/nettruyen/khoa-ky-dai-tien-tong/3/26.jpg',24,0),(932,'https://cmnvymn.com/nettruyen/khoa-ky-dai-tien-tong/3/27.jpg',24,0),(933,'https://dtcdnyacd.com/nettruyen/khoa-ky-dai-tien-tong/3/28.jpg',24,0),(934,'https://cmnvymn.com/nettruyen/khoa-ky-dai-tien-tong/3/29.jpg',24,0),(935,'https://dtcdnyacd.com/nettruyen/khoa-ky-dai-tien-tong/3/30.jpg',24,0),(936,'https://cmnvymn.com/nettruyen/khoa-ky-dai-tien-tong/3/31.jpg',24,0),(937,'https://dtcdnyacd.com/nettruyen/khoa-ky-dai-tien-tong/3/32.jpg',24,0),(938,'https://cmnvymn.com/nettruyen/khoa-ky-dai-tien-tong/3/33.jpg',24,0),(939,'https://dtcdnyacd.com/nettruyen/khoa-ky-dai-tien-tong/3/34.jpg',24,0),(940,'https://cmnvymn.com/nettruyen/khoa-ky-dai-tien-tong/3/35.jpg',24,0),(941,'https://dtcdnyacd.com/nettruyen/vo-than-chua-te/1/0.jpg',25,0),(942,'https://cmnvymn.com/nettruyen/vo-than-chua-te/1/1.jpg',25,0),(943,'https://dtcdnyacd.com/nettruyen/vo-than-chua-te/1/2.jpg',25,0),(944,'https://cmnvymn.com/nettruyen/vo-than-chua-te/1/3.jpg',25,0),(945,'https://dtcdnyacd.com/nettruyen/vo-than-chua-te/1/4.jpg',25,0),(946,'https://cmnvymn.com/nettruyen/vo-than-chua-te/1/5.jpg',25,0),(947,'https://dtcdnyacd.com/nettruyen/vo-than-chua-te/1/6.jpg',25,0),(948,'https://cmnvymn.com/nettruyen/vo-than-chua-te/1/7.jpg',25,0),(949,'https://dtcdnyacd.com/nettruyen/vo-than-chua-te/1/8.jpg',25,0),(950,'https://cmnvymn.com/nettruyen/vo-than-chua-te/1/9.jpg',25,0),(951,'https://dtcdnyacd.com/nettruyen/vo-than-chua-te/1/10.jpg',25,0),(952,'https://dtcdnyacd.com/nettruyen/vo-than-chua-te/2/0.jpg',26,0),(953,'https://cmnvymn.com/nettruyen/vo-than-chua-te/2/1.jpg',26,0),(954,'https://dtcdnyacd.com/nettruyen/vo-than-chua-te/2/2.jpg',26,0),(955,'https://cmnvymn.com/nettruyen/vo-than-chua-te/2/3.jpg',26,0),(956,'https://dtcdnyacd.com/nettruyen/vo-than-chua-te/2/4.jpg',26,0),(957,'https://cmnvymn.com/nettruyen/vo-than-chua-te/2/5.jpg',26,0),(958,'https://dtcdnyacd.com/nettruyen/vo-than-chua-te/2/6.jpg',26,0),(959,'https://cmnvymn.com/nettruyen/vo-than-chua-te/2/7.jpg',26,0),(960,'https://dtcdnyacd.com/nettruyen/vo-than-chua-te/2/8.jpg',26,0),(961,'https://cmnvymn.com/nettruyen/vo-than-chua-te/2/9.jpg',26,0),(962,'https://dtcdnyacd.com/nettruyen/vo-than-chua-te/2/10.jpg',26,0),(963,'https://dtcdnyacd.com/nettruyen/vo-than-chua-te/3/0.jpg',27,0),(964,'https://cmnvymn.com/nettruyen/vo-than-chua-te/3/1.jpg',27,0),(965,'https://dtcdnyacd.com/nettruyen/vo-than-chua-te/3/2.jpg',27,0),(966,'https://cmnvymn.com/nettruyen/vo-than-chua-te/3/3.jpg',27,0),(967,'https://dtcdnyacd.com/nettruyen/vo-than-chua-te/3/4.jpg',27,0),(968,'https://cmnvymn.com/nettruyen/vo-than-chua-te/3/5.jpg',27,0),(969,'https://dtcdnyacd.com/nettruyen/vo-than-chua-te/3/6.jpg',27,0),(970,'https://cmnvymn.com/nettruyen/vo-than-chua-te/3/7.jpg',27,0),(971,'https://dtcdnyacd.com/nettruyen/vo-than-chua-te/3/8.jpg',27,0),(972,'https://cmnvymn.com/nettruyen/vo-than-chua-te/3/9.jpg',27,0),(973,'https://dtcdnyacd.com/nettruyen/ta-la-dai-than-tien/1/0.jpg',28,0),(974,'https://cmnvymn.com/nettruyen/ta-la-dai-than-tien/1/1.jpg',28,0),(975,'https://dtcdnyacd.com/nettruyen/ta-la-dai-than-tien/1/2.jpg',28,0),(976,'https://cmnvymn.com/nettruyen/ta-la-dai-than-tien/1/3.jpg',28,0),(977,'https://dtcdnyacd.com/nettruyen/ta-la-dai-than-tien/1/4.jpg',28,0),(978,'https://cmnvymn.com/nettruyen/ta-la-dai-than-tien/1/5.jpg',28,0),(979,'https://dtcdnyacd.com/nettruyen/ta-la-dai-than-tien/1/6.jpg',28,0),(980,'https://cmnvymn.com/nettruyen/ta-la-dai-than-tien/1/7.jpg',28,0),(981,'https://dtcdnyacd.com/nettruyen/ta-la-dai-than-tien/1/8.jpg',28,0),(982,'https://cmnvymn.com/nettruyen/ta-la-dai-than-tien/1/9.jpg',28,0),(983,'https://dtcdnyacd.com/nettruyen/ta-la-dai-than-tien/1/10.jpg',28,0),(984,'https://cmnvymn.com/nettruyen/ta-la-dai-than-tien/1/11.jpg',28,0),(985,'https://dtcdnyacd.com/nettruyen/ta-la-dai-than-tien/1/12.jpg',28,0),(986,'https://cmnvymn.com/nettruyen/ta-la-dai-than-tien/1/13.jpg',28,0),(987,'https://dtcdnyacd.com/nettruyen/ta-la-dai-than-tien/1/14.jpg',28,0),(988,'https://cmnvymn.com/nettruyen/ta-la-dai-than-tien/1/15.jpg',28,0),(989,'https://dtcdnyacd.com/nettruyen/ta-la-dai-than-tien/1/16.jpg',28,0),(990,'https://cmnvymn.com/nettruyen/ta-la-dai-than-tien/1/17.jpg',28,0),(991,'https://dtcdnyacd.com/nettruyen/ta-la-dai-than-tien/1/18.jpg',28,0),(992,'https://cmnvymn.com/nettruyen/ta-la-dai-than-tien/1/19.jpg',28,0),(993,'https://dtcdnyacd.com/nettruyen/ta-la-dai-than-tien/1/20.jpg',28,0),(994,'https://cmnvymn.com/nettruyen/ta-la-dai-than-tien/1/21.jpg',28,0),(995,'https://dtcdnyacd.com/nettruyen/ta-la-dai-than-tien/1/22.jpg',28,0),(996,'https://cmnvymn.com/nettruyen/ta-la-dai-than-tien/1/23.jpg',28,0),(997,'https://dtcdnyacd.com/nettruyen/ta-la-dai-than-tien/1/24.jpg',28,0),(998,'https://cmnvymn.com/nettruyen/ta-la-dai-than-tien/1/25.jpg',28,0),(999,'https://dtcdnyacd.com/nettruyen/ta-la-dai-than-tien/1/26.jpg',28,0),(1000,'https://cmnvymn.com/nettruyen/ta-la-dai-than-tien/1/27.jpg',28,0),(1001,'https://dtcdnyacd.com/nettruyen/ta-la-dai-than-tien/1/28.jpg',28,0),(1002,'https://cmnvymn.com/nettruyen/ta-la-dai-than-tien/1/29.jpg',28,0),(1003,'https://dtcdnyacd.com/nettruyen/ta-la-dai-than-tien/2/0.jpg',29,0),(1004,'https://cmnvymn.com/nettruyen/ta-la-dai-than-tien/2/1.jpg',29,0),(1005,'https://dtcdnyacd.com/nettruyen/ta-la-dai-than-tien/2/2.jpg',29,0),(1006,'https://cmnvymn.com/nettruyen/ta-la-dai-than-tien/2/3.jpg',29,0),(1007,'https://dtcdnyacd.com/nettruyen/ta-la-dai-than-tien/2/4.jpg',29,0),(1008,'https://cmnvymn.com/nettruyen/ta-la-dai-than-tien/2/5.jpg',29,0),(1009,'https://dtcdnyacd.com/nettruyen/ta-la-dai-than-tien/2/6.jpg',29,0),(1010,'https://cmnvymn.com/nettruyen/ta-la-dai-than-tien/2/7.jpg',29,0),(1011,'https://dtcdnyacd.com/nettruyen/ta-la-dai-than-tien/2/8.jpg',29,0),(1012,'https://cmnvymn.com/nettruyen/ta-la-dai-than-tien/2/9.jpg',29,0),(1013,'https://dtcdnyacd.com/nettruyen/ta-la-dai-than-tien/2/10.jpg',29,0),(1014,'https://cmnvymn.com/nettruyen/ta-la-dai-than-tien/2/11.jpg',29,0),(1015,'https://dtcdnyacd.com/nettruyen/ta-la-dai-than-tien/2/12.jpg',29,0),(1016,'https://cmnvymn.com/nettruyen/ta-la-dai-than-tien/2/13.jpg',29,0),(1017,'https://dtcdnyacd.com/nettruyen/ta-la-dai-than-tien/2/14.jpg',29,0),(1018,'https://cmnvymn.com/nettruyen/ta-la-dai-than-tien/2/15.jpg',29,0),(1019,'https://dtcdnyacd.com/nettruyen/ta-la-dai-than-tien/3/0.jpg',30,0),(1020,'https://cmnvymn.com/nettruyen/ta-la-dai-than-tien/3/1.jpg',30,0),(1021,'https://dtcdnyacd.com/nettruyen/ta-la-dai-than-tien/3/2.jpg',30,0),(1022,'https://cmnvymn.com/nettruyen/ta-la-dai-than-tien/3/3.jpg',30,0),(1023,'https://dtcdnyacd.com/nettruyen/ta-la-dai-than-tien/3/4.jpg',30,0),(1024,'https://cmnvymn.com/nettruyen/ta-la-dai-than-tien/3/5.jpg',30,0),(1025,'https://dtcdnyacd.com/nettruyen/ta-la-dai-than-tien/3/6.jpg',30,0),(1026,'https://cmnvymn.com/nettruyen/ta-la-dai-than-tien/3/7.jpg',30,0),(1027,'https://dtcdnyacd.com/nettruyen/ta-la-dai-than-tien/3/8.jpg',30,0),(1028,'https://cmnvymn.com/nettruyen/ta-la-dai-than-tien/3/9.jpg',30,0),(1029,'https://dtcdnyacd.com/nettruyen/ta-la-dai-than-tien/3/10.jpg',30,0),(1030,'https://cmnvymn.com/nettruyen/ta-la-dai-than-tien/3/11.jpg',30,0),(1031,'https://dtcdnyacd.com/nettruyen/ta-la-dai-than-tien/3/12.jpg',30,0),(1032,'https://cmnvymn.com/nettruyen/ta-la-dai-than-tien/3/13.jpg',30,0),(1033,'https://dtcdnyacd.com/nettruyen/vo-luyen-dinh-phong/1/0.jpg',31,0),(1034,'https://cmnvymn.com/nettruyen/vo-luyen-dinh-phong/1/1.jpg',31,0),(1035,'https://dtcdnyacd.com/nettruyen/vo-luyen-dinh-phong/1/2.jpg',31,0),(1036,'https://cmnvymn.com/nettruyen/vo-luyen-dinh-phong/1/3.jpg',31,0),(1037,'https://dtcdnyacd.com/nettruyen/vo-luyen-dinh-phong/1/4.jpg',31,0),(1038,'https://cmnvymn.com/nettruyen/vo-luyen-dinh-phong/1/5.jpg',31,0),(1039,'https://dtcdnyacd.com/nettruyen/vo-luyen-dinh-phong/1/6.jpg',31,0),(1040,'https://cmnvymn.com/nettruyen/vo-luyen-dinh-phong/1/7.jpg',31,0),(1041,'https://dtcdnyacd.com/nettruyen/vo-luyen-dinh-phong/1/8.jpg',31,0),(1042,'https://cmnvymn.com/nettruyen/vo-luyen-dinh-phong/1/9.jpg',31,0),(1043,'https://dtcdnyacd.com/nettruyen/vo-luyen-dinh-phong/1/10.jpg',31,0),(1044,'https://cmnvymn.com/nettruyen/vo-luyen-dinh-phong/1/11.jpg',31,0),(1045,'https://dtcdnyacd.com/nettruyen/vo-luyen-dinh-phong/1/12.jpg',31,0),(1046,'https://cmnvymn.com/nettruyen/vo-luyen-dinh-phong/1/13.jpg',31,0),(1047,'https://dtcdnyacd.com/nettruyen/vo-luyen-dinh-phong/1/14.jpg',31,0),(1048,'https://cmnvymn.com/nettruyen/vo-luyen-dinh-phong/1/15.jpg',31,0),(1049,'https://dtcdnyacd.com/nettruyen/vo-luyen-dinh-phong/1/16.jpg',31,0),(1050,'https://dtcdnyacd.com/nettruyen/vo-luyen-dinh-phong/2/0.jpg',32,0),(1051,'https://cmnvymn.com/nettruyen/vo-luyen-dinh-phong/2/1.jpg',32,0),(1052,'https://dtcdnyacd.com/nettruyen/vo-luyen-dinh-phong/2/2.jpg',32,0),(1053,'https://cmnvymn.com/nettruyen/vo-luyen-dinh-phong/2/3.jpg',32,0),(1054,'https://dtcdnyacd.com/nettruyen/vo-luyen-dinh-phong/2/4.jpg',32,0),(1055,'https://cmnvymn.com/nettruyen/vo-luyen-dinh-phong/2/5.jpg',32,0),(1056,'https://dtcdnyacd.com/nettruyen/vo-luyen-dinh-phong/2/6.jpg',32,0),(1057,'https://cmnvymn.com/nettruyen/vo-luyen-dinh-phong/2/7.jpg',32,0),(1058,'https://dtcdnyacd.com/nettruyen/vo-luyen-dinh-phong/2/8.jpg',32,0),(1059,'https://dtcdnyacd.com/nettruyen/vo-luyen-dinh-phong/3/0.jpg',33,0),(1060,'https://cmnvymn.com/nettruyen/vo-luyen-dinh-phong/3/1.jpg',33,0),(1061,'https://dtcdnyacd.com/nettruyen/vo-luyen-dinh-phong/3/2.jpg',33,0),(1062,'https://cmnvymn.com/nettruyen/vo-luyen-dinh-phong/3/3.jpg',33,0),(1063,'https://dtcdnyacd.com/nettruyen/vo-luyen-dinh-phong/3/4.jpg',33,0),(1064,'https://cmnvymn.com/nettruyen/vo-luyen-dinh-phong/3/5.jpg',33,0),(1065,'https://dtcdnyacd.com/nettruyen/vo-luyen-dinh-phong/3/6.jpg',33,0),(1066,'https://cmnvymn.com/nettruyen/vo-luyen-dinh-phong/3/7.jpg',33,0),(1067,'https://dtcdnyacd.com/nettruyen/vo-luyen-dinh-phong/3/8.jpg',33,0),(1068,'https://dtcdnyacd.com/nettruyen/thanh-ninh-chi-ha/1/0.jpg',34,0),(1069,'https://cmnvymn.com/nettruyen/thanh-ninh-chi-ha/1/1.jpg',34,0),(1070,'https://dtcdnyacd.com/nettruyen/thanh-ninh-chi-ha/1/2.jpg',34,0),(1071,'https://cmnvymn.com/nettruyen/thanh-ninh-chi-ha/1/3.jpg',34,0),(1072,'https://dtcdnyacd.com/nettruyen/thanh-ninh-chi-ha/1/4.jpg',34,0),(1073,'https://cmnvymn.com/nettruyen/thanh-ninh-chi-ha/1/5.jpg',34,0),(1074,'https://dtcdnyacd.com/nettruyen/thanh-ninh-chi-ha/1/6.jpg',34,0),(1075,'https://cmnvymn.com/nettruyen/thanh-ninh-chi-ha/1/7.jpg',34,0),(1076,'https://dtcdnyacd.com/nettruyen/thanh-ninh-chi-ha/1/8.jpg',34,0),(1077,'https://cmnvymn.com/nettruyen/thanh-ninh-chi-ha/1/9.jpg',34,0),(1078,'https://dtcdnyacd.com/nettruyen/thanh-ninh-chi-ha/1/10.jpg',34,0),(1079,'https://cmnvymn.com/nettruyen/thanh-ninh-chi-ha/1/11.jpg',34,0),(1080,'https://dtcdnyacd.com/nettruyen/thanh-ninh-chi-ha/1/12.jpg',34,0),(1081,'https://cmnvymn.com/nettruyen/thanh-ninh-chi-ha/1/13.jpg',34,0),(1082,'https://dtcdnyacd.com/nettruyen/thanh-ninh-chi-ha/1/14.jpg',34,0),(1083,'https://cmnvymn.com/nettruyen/thanh-ninh-chi-ha/1/15.jpg',34,0),(1084,'https://dtcdnyacd.com/nettruyen/thanh-ninh-chi-ha/1/16.jpg',34,0),(1085,'https://cmnvymn.com/nettruyen/thanh-ninh-chi-ha/1/17.jpg',34,0),(1086,'https://dtcdnyacd.com/nettruyen/thanh-ninh-chi-ha/1/18.jpg',34,0),(1087,'https://cmnvymn.com/nettruyen/thanh-ninh-chi-ha/1/19.jpg',34,0),(1088,'https://dtcdnyacd.com/nettruyen/thanh-ninh-chi-ha/1/20.jpg',34,0),(1089,'https://dtcdnyacd.com/nettruyen/thanh-ninh-chi-ha/2/0.jpg',35,0),(1090,'https://cmnvymn.com/nettruyen/thanh-ninh-chi-ha/2/1.jpg',35,0),(1091,'https://dtcdnyacd.com/nettruyen/thanh-ninh-chi-ha/2/2.jpg',35,0),(1092,'https://cmnvymn.com/nettruyen/thanh-ninh-chi-ha/2/3.jpg',35,0),(1093,'https://dtcdnyacd.com/nettruyen/thanh-ninh-chi-ha/2/4.jpg',35,0),(1094,'https://cmnvymn.com/nettruyen/thanh-ninh-chi-ha/2/5.jpg',35,0),(1095,'https://dtcdnyacd.com/nettruyen/thanh-ninh-chi-ha/2/6.jpg',35,0),(1096,'https://cmnvymn.com/nettruyen/thanh-ninh-chi-ha/2/7.jpg',35,0),(1097,'https://dtcdnyacd.com/nettruyen/thanh-ninh-chi-ha/2/8.jpg',35,0),(1098,'https://cmnvymn.com/nettruyen/thanh-ninh-chi-ha/2/9.jpg',35,0),(1099,'https://dtcdnyacd.com/nettruyen/thanh-ninh-chi-ha/2/10.jpg',35,0),(1100,'https://cmnvymn.com/nettruyen/thanh-ninh-chi-ha/2/11.jpg',35,0),(1101,'https://dtcdnyacd.com/nettruyen/thanh-ninh-chi-ha/2/12.jpg',35,0),(1102,'https://cmnvymn.com/nettruyen/thanh-ninh-chi-ha/2/13.jpg',35,0),(1103,'https://dtcdnyacd.com/nettruyen/thanh-ninh-chi-ha/2/14.jpg',35,0),(1104,'https://cmnvymn.com/nettruyen/thanh-ninh-chi-ha/2/15.jpg',35,0),(1105,'https://dtcdnyacd.com/nettruyen/thanh-ninh-chi-ha/2/16.jpg',35,0),(1106,'https://cmnvymn.com/nettruyen/thanh-ninh-chi-ha/2/17.jpg',35,0),(1107,'https://dtcdnyacd.com/nettruyen/thanh-ninh-chi-ha/2/18.jpg',35,0),(1108,'https://cmnvymn.com/nettruyen/thanh-ninh-chi-ha/2/19.jpg',35,0),(1109,'https://dtcdnyacd.com/nettruyen/thanh-ninh-chi-ha/2/20.jpg',35,0),(1110,'https://dtcdnyacd.com/nettruyen/thanh-ninh-chi-ha/3/0.jpg',36,0),(1111,'https://cmnvymn.com/nettruyen/thanh-ninh-chi-ha/3/1.jpg',36,0),(1112,'https://dtcdnyacd.com/nettruyen/thanh-ninh-chi-ha/3/2.jpg',36,0),(1113,'https://cmnvymn.com/nettruyen/thanh-ninh-chi-ha/3/3.jpg',36,0),(1114,'https://dtcdnyacd.com/nettruyen/thanh-ninh-chi-ha/3/4.jpg',36,0),(1115,'https://cmnvymn.com/nettruyen/thanh-ninh-chi-ha/3/5.jpg',36,0),(1116,'https://dtcdnyacd.com/nettruyen/thanh-ninh-chi-ha/3/6.jpg',36,0),(1117,'https://cmnvymn.com/nettruyen/thanh-ninh-chi-ha/3/7.jpg',36,0),(1118,'https://dtcdnyacd.com/nettruyen/thanh-ninh-chi-ha/3/8.jpg',36,0),(1119,'https://cmnvymn.com/nettruyen/thanh-ninh-chi-ha/3/9.jpg',36,0),(1120,'https://dtcdnyacd.com/nettruyen/thanh-ninh-chi-ha/3/10.jpg',36,0),(1121,'https://cmnvymn.com/nettruyen/thanh-ninh-chi-ha/3/11.jpg',36,0),(1122,'https://dtcdnyacd.com/nettruyen/thanh-ninh-chi-ha/3/12.jpg',36,0),(1123,'https://cmnvymn.com/nettruyen/thanh-ninh-chi-ha/3/13.jpg',36,0),(1124,'https://dtcdnyacd.com/nettruyen/thanh-ninh-chi-ha/3/14.jpg',36,0),(1125,'https://cmnvymn.com/nettruyen/thanh-ninh-chi-ha/3/15.jpg',36,0),(1126,'https://dtcdnyacd.com/nettruyen/thanh-ninh-chi-ha/3/16.jpg',36,0),(1127,'https://cmnvymn.com/nettruyen/thanh-ninh-chi-ha/3/17.jpg',36,0),(1128,'https://dtcdnyacd.com/nettruyen/thanh-ninh-chi-ha/3/18.jpg',36,0),(1129,'https://cmnvymn.com/nettruyen/thanh-ninh-chi-ha/3/19.jpg',36,0),(1130,'https://dtcdnyacd.com/nettruyen/thanh-ninh-chi-ha/3/20.jpg',36,0),(1131,'https://dtcdnyacd.com/nettruyen/ban-hoc-cua-toi-la-linh-danh-thue/1/0.jpg',37,0),(1132,'https://cmnvymn.com/nettruyen/ban-hoc-cua-toi-la-linh-danh-thue/1/1.jpg',37,0),(1133,'https://dtcdnyacd.com/nettruyen/ban-hoc-cua-toi-la-linh-danh-thue/1/2.jpg',37,0),(1134,'https://cmnvymn.com/nettruyen/ban-hoc-cua-toi-la-linh-danh-thue/1/3.jpg',37,0),(1135,'https://dtcdnyacd.com/nettruyen/ban-hoc-cua-toi-la-linh-danh-thue/1/4.jpg',37,0),(1136,'https://cmnvymn.com/nettruyen/ban-hoc-cua-toi-la-linh-danh-thue/1/5.jpg',37,0),(1137,'https://dtcdnyacd.com/nettruyen/ban-hoc-cua-toi-la-linh-danh-thue/1/6.jpg',37,0),(1138,'https://cmnvymn.com/nettruyen/ban-hoc-cua-toi-la-linh-danh-thue/1/7.jpg',37,0),(1139,'https://dtcdnyacd.com/nettruyen/ban-hoc-cua-toi-la-linh-danh-thue/1/8.jpg',37,0),(1140,'https://cmnvymn.com/nettruyen/ban-hoc-cua-toi-la-linh-danh-thue/1/9.jpg',37,0),(1141,'https://dtcdnyacd.com/nettruyen/ban-hoc-cua-toi-la-linh-danh-thue/1/10.jpg',37,0),(1142,'https://cmnvymn.com/nettruyen/ban-hoc-cua-toi-la-linh-danh-thue/1/11.jpg',37,0),(1143,'https://dtcdnyacd.com/nettruyen/ban-hoc-cua-toi-la-linh-danh-thue/1/12.jpg',37,0),(1144,'https://cmnvymn.com/nettruyen/ban-hoc-cua-toi-la-linh-danh-thue/1/13.jpg',37,0),(1145,'https://dtcdnyacd.com/nettruyen/ban-hoc-cua-toi-la-linh-danh-thue/1/14.jpg',37,0),(1146,'https://cmnvymn.com/nettruyen/ban-hoc-cua-toi-la-linh-danh-thue/1/15.jpg',37,0),(1147,'https://dtcdnyacd.com/nettruyen/ban-hoc-cua-toi-la-linh-danh-thue/1/16.jpg',37,0),(1148,'https://cmnvymn.com/nettruyen/ban-hoc-cua-toi-la-linh-danh-thue/1/17.jpg',37,0),(1149,'https://dtcdnyacd.com/nettruyen/ban-hoc-cua-toi-la-linh-danh-thue/1/18.jpg',37,0),(1150,'https://cmnvymn.com/nettruyen/ban-hoc-cua-toi-la-linh-danh-thue/1/19.jpg',37,0),(1151,'https://dtcdnyacd.com/nettruyen/ban-hoc-cua-toi-la-linh-danh-thue/1/20.jpg',37,0),(1152,'https://cmnvymn.com/nettruyen/ban-hoc-cua-toi-la-linh-danh-thue/1/21.jpg',37,0),(1153,'https://dtcdnyacd.com/nettruyen/ban-hoc-cua-toi-la-linh-danh-thue/1/22.jpg',37,0),(1154,'https://cmnvymn.com/nettruyen/ban-hoc-cua-toi-la-linh-danh-thue/1/23.jpg',37,0),(1155,'https://dtcdnyacd.com/nettruyen/ban-hoc-cua-toi-la-linh-danh-thue/1/24.jpg',37,0),(1156,'https://cmnvymn.com/nettruyen/ban-hoc-cua-toi-la-linh-danh-thue/1/25.jpg',37,0),(1157,'https://dtcdnyacd.com/nettruyen/ban-hoc-cua-toi-la-linh-danh-thue/1/26.jpg',37,0),(1158,'https://cmnvymn.com/nettruyen/ban-hoc-cua-toi-la-linh-danh-thue/1/27.jpg',37,0),(1159,'https://dtcdnyacd.com/nettruyen/ban-hoc-cua-toi-la-linh-danh-thue/1/28.jpg',37,0),(1160,'https://cmnvymn.com/nettruyen/ban-hoc-cua-toi-la-linh-danh-thue/1/29.jpg',37,0),(1161,'https://dtcdnyacd.com/nettruyen/ban-hoc-cua-toi-la-linh-danh-thue/1/30.jpg',37,0),(1162,'https://cmnvymn.com/nettruyen/ban-hoc-cua-toi-la-linh-danh-thue/1/31.jpg',37,0),(1163,'https://dtcdnyacd.com/nettruyen/ban-hoc-cua-toi-la-linh-danh-thue/1/32.jpg',37,0),(1164,'https://cmnvymn.com/nettruyen/ban-hoc-cua-toi-la-linh-danh-thue/1/33.jpg',37,0),(1165,'https://dtcdnyacd.com/nettruyen/ban-hoc-cua-toi-la-linh-danh-thue/1/34.jpg',37,0),(1166,'https://cmnvymn.com/nettruyen/ban-hoc-cua-toi-la-linh-danh-thue/1/35.jpg',37,0),(1167,'https://dtcdnyacd.com/nettruyen/ban-hoc-cua-toi-la-linh-danh-thue/1/36.jpg',37,0),(1168,'https://cmnvymn.com/nettruyen/ban-hoc-cua-toi-la-linh-danh-thue/1/37.jpg',37,0),(1169,'https://dtcdnyacd.com/nettruyen/ban-hoc-cua-toi-la-linh-danh-thue/1/38.jpg',37,0),(1170,'https://cmnvymn.com/nettruyen/ban-hoc-cua-toi-la-linh-danh-thue/1/39.jpg',37,0),(1171,'https://dtcdnyacd.com/nettruyen/ban-hoc-cua-toi-la-linh-danh-thue/1/40.jpg',37,0),(1172,'https://cmnvymn.com/nettruyen/ban-hoc-cua-toi-la-linh-danh-thue/1/41.jpg',37,0),(1173,'https://dtcdnyacd.com/nettruyen/ban-hoc-cua-toi-la-linh-danh-thue/1/42.jpg',37,0),(1174,'https://cmnvymn.com/nettruyen/ban-hoc-cua-toi-la-linh-danh-thue/1/43.jpg',37,0),(1175,'https://dtcdnyacd.com/nettruyen/ban-hoc-cua-toi-la-linh-danh-thue/1/44.jpg',37,0),(1176,'https://cmnvymn.com/nettruyen/ban-hoc-cua-toi-la-linh-danh-thue/1/45.jpg',37,0),(1177,'https://dtcdnyacd.com/nettruyen/ban-hoc-cua-toi-la-linh-danh-thue/1/46.jpg',37,0),(1178,'https://cmnvymn.com/nettruyen/ban-hoc-cua-toi-la-linh-danh-thue/1/47.jpg',37,0),(1179,'https://dtcdnyacd.com/nettruyen/ban-hoc-cua-toi-la-linh-danh-thue/1/48.jpg',37,0),(1180,'https://cmnvymn.com/nettruyen/ban-hoc-cua-toi-la-linh-danh-thue/1/49.jpg',37,0),(1181,'https://dtcdnyacd.com/nettruyen/ban-hoc-cua-toi-la-linh-danh-thue/1/50.jpg',37,0),(1182,'https://cmnvymn.com/nettruyen/ban-hoc-cua-toi-la-linh-danh-thue/1/51.jpg',37,0),(1183,'https://dtcdnyacd.com/nettruyen/ban-hoc-cua-toi-la-linh-danh-thue/1/52.jpg',37,0),(1184,'https://cmnvymn.com/nettruyen/ban-hoc-cua-toi-la-linh-danh-thue/1/53.jpg',37,0),(1185,'https://dtcdnyacd.com/nettruyen/ban-hoc-cua-toi-la-linh-danh-thue/1/54.jpg',37,0),(1186,'https://cmnvymn.com/nettruyen/ban-hoc-cua-toi-la-linh-danh-thue/1/55.jpg',37,0),(1187,'https://dtcdnyacd.com/nettruyen/ban-hoc-cua-toi-la-linh-danh-thue/1/56.jpg',37,0),(1188,'https://cmnvymn.com/nettruyen/ban-hoc-cua-toi-la-linh-danh-thue/1/57.jpg',37,0),(1189,'https://dtcdnyacd.com/nettruyen/ban-hoc-cua-toi-la-linh-danh-thue/1/58.jpg',37,0),(1190,'https://cmnvymn.com/nettruyen/ban-hoc-cua-toi-la-linh-danh-thue/1/59.jpg',37,0),(1191,'https://dtcdnyacd.com/nettruyen/ban-hoc-cua-toi-la-linh-danh-thue/1/60.jpg',37,0),(1192,'https://cmnvymn.com/nettruyen/ban-hoc-cua-toi-la-linh-danh-thue/1/61.jpg',37,0),(1193,'https://dtcdnyacd.com/nettruyen/ban-hoc-cua-toi-la-linh-danh-thue/1/62.jpg',37,0),(1194,'https://cmnvymn.com/nettruyen/ban-hoc-cua-toi-la-linh-danh-thue/1/63.jpg',37,0),(1195,'https://dtcdnyacd.com/nettruyen/ban-hoc-cua-toi-la-linh-danh-thue/1/64.jpg',37,0),(1196,'https://cmnvymn.com/nettruyen/ban-hoc-cua-toi-la-linh-danh-thue/1/65.jpg',37,0),(1197,'https://dtcdnyacd.com/nettruyen/ban-hoc-cua-toi-la-linh-danh-thue/1/66.jpg',37,0),(1198,'https://cmnvymn.com/nettruyen/ban-hoc-cua-toi-la-linh-danh-thue/1/67.jpg',37,0),(1199,'https://dtcdnyacd.com/nettruyen/ban-hoc-cua-toi-la-linh-danh-thue/1/68.jpg',37,0),(1200,'https://cmnvymn.com/nettruyen/ban-hoc-cua-toi-la-linh-danh-thue/1/69.jpg',37,0),(1201,'https://dtcdnyacd.com/nettruyen/ban-hoc-cua-toi-la-linh-danh-thue/1/70.jpg',37,0),(1202,'https://cmnvymn.com/nettruyen/ban-hoc-cua-toi-la-linh-danh-thue/1/71.jpg',37,0),(1203,'https://dtcdnyacd.com/nettruyen/ban-hoc-cua-toi-la-linh-danh-thue/1/72.jpg',37,0),(1204,'https://cmnvymn.com/nettruyen/ban-hoc-cua-toi-la-linh-danh-thue/1/73.jpg',37,0),(1205,'https://dtcdnyacd.com/nettruyen/ban-hoc-cua-toi-la-linh-danh-thue/1/74.jpg',37,0),(1206,'https://cmnvymn.com/nettruyen/ban-hoc-cua-toi-la-linh-danh-thue/1/75.jpg',37,0),(1207,'https://dtcdnyacd.com/nettruyen/ban-hoc-cua-toi-la-linh-danh-thue/1/76.jpg',37,0),(1208,'https://cmnvymn.com/nettruyen/ban-hoc-cua-toi-la-linh-danh-thue/1/77.jpg',37,0),(1209,'https://dtcdnyacd.com/nettruyen/ban-hoc-cua-toi-la-linh-danh-thue/1/78.jpg',37,0),(1210,'https://cmnvymn.com/nettruyen/ban-hoc-cua-toi-la-linh-danh-thue/1/79.jpg',37,0),(1211,'https://dtcdnyacd.com/nettruyen/ban-hoc-cua-toi-la-linh-danh-thue/1/80.jpg',37,0),(1212,'https://cmnvymn.com/nettruyen/ban-hoc-cua-toi-la-linh-danh-thue/1/81.jpg',37,0),(1213,'https://dtcdnyacd.com/nettruyen/ban-hoc-cua-toi-la-linh-danh-thue/1/82.jpg',37,0),(1214,'https://cmnvymn.com/nettruyen/ban-hoc-cua-toi-la-linh-danh-thue/1/83.jpg',37,0),(1215,'https://dtcdnyacd.com/nettruyen/ban-hoc-cua-toi-la-linh-danh-thue/1/84.jpg',37,0),(1216,'https://cmnvymn.com/nettruyen/ban-hoc-cua-toi-la-linh-danh-thue/1/85.jpg',37,0),(1217,'https://dtcdnyacd.com/nettruyen/ban-hoc-cua-toi-la-linh-danh-thue/1/86.jpg',37,0),(1218,'https://cmnvymn.com/nettruyen/ban-hoc-cua-toi-la-linh-danh-thue/1/87.jpg',37,0),(1219,'https://dtcdnyacd.com/nettruyen/ban-hoc-cua-toi-la-linh-danh-thue/1/88.jpg',37,0),(1220,'https://cmnvymn.com/nettruyen/ban-hoc-cua-toi-la-linh-danh-thue/1/89.jpg',37,0),(1221,'https://dtcdnyacd.com/nettruyen/ban-hoc-cua-toi-la-linh-danh-thue/1/90.jpg',37,0),(1222,'https://cmnvymn.com/nettruyen/ban-hoc-cua-toi-la-linh-danh-thue/1/91.jpg',37,0),(1223,'https://dtcdnyacd.com/nettruyen/ban-hoc-cua-toi-la-linh-danh-thue/1/92.jpg',37,0),(1224,'https://cmnvymn.com/nettruyen/ban-hoc-cua-toi-la-linh-danh-thue/1/93.jpg',37,0),(1225,'https://dtcdnyacd.com/nettruyen/ban-hoc-cua-toi-la-linh-danh-thue/1/94.jpg',37,0),(1226,'https://cmnvymn.com/nettruyen/ban-hoc-cua-toi-la-linh-danh-thue/1/95.jpg',37,0),(1227,'https://dtcdnyacd.com/nettruyen/ban-hoc-cua-toi-la-linh-danh-thue/1/96.jpg',37,0),(1228,'https://cmnvymn.com/nettruyen/ban-hoc-cua-toi-la-linh-danh-thue/1/97.jpg',37,0),(1229,'https://dtcdnyacd.com/nettruyen/ban-hoc-cua-toi-la-linh-danh-thue/1/98.jpg',37,0),(1230,'https://cmnvymn.com/nettruyen/ban-hoc-cua-toi-la-linh-danh-thue/1/99.jpg',37,0),(1231,'https://dtcdnyacd.com/nettruyen/ban-hoc-cua-toi-la-linh-danh-thue/1/100.jpg',37,0),(1232,'https://cmnvymn.com/nettruyen/ban-hoc-cua-toi-la-linh-danh-thue/1/101.jpg',37,0),(1233,'https://dtcdnyacd.com/nettruyen/ban-hoc-cua-toi-la-linh-danh-thue/1/102.jpg',37,0),(1234,'https://cmnvymn.com/nettruyen/ban-hoc-cua-toi-la-linh-danh-thue/1/103.jpg',37,0),(1235,'https://dtcdnyacd.com/nettruyen/ban-hoc-cua-toi-la-linh-danh-thue/1/104.jpg',37,0),(1236,'https://cmnvymn.com/nettruyen/ban-hoc-cua-toi-la-linh-danh-thue/1/105.jpg',37,0),(1237,'https://dtcdnyacd.com/nettruyen/ban-hoc-cua-toi-la-linh-danh-thue/1/106.jpg',37,0),(1238,'https://cmnvymn.com/nettruyen/ban-hoc-cua-toi-la-linh-danh-thue/1/107.jpg',37,0),(1239,'https://dtcdnyacd.com/nettruyen/ban-hoc-cua-toi-la-linh-danh-thue/1/108.jpg',37,0),(1240,'https://cmnvymn.com/nettruyen/ban-hoc-cua-toi-la-linh-danh-thue/1/109.jpg',37,0),(1241,'https://dtcdnyacd.com/nettruyen/ban-hoc-cua-toi-la-linh-danh-thue/1/110.jpg',37,0),(1242,'https://cmnvymn.com/nettruyen/ban-hoc-cua-toi-la-linh-danh-thue/1/111.jpg',37,0),(1243,'https://dtcdnyacd.com/nettruyen/ban-hoc-cua-toi-la-linh-danh-thue/1/112.jpg',37,0),(1244,'https://cmnvymn.com/nettruyen/ban-hoc-cua-toi-la-linh-danh-thue/1/113.jpg',37,0),(1245,'https://dtcdnyacd.com/nettruyen/ban-hoc-cua-toi-la-linh-danh-thue/1/114.jpg',37,0),(1246,'https://cmnvymn.com/nettruyen/ban-hoc-cua-toi-la-linh-danh-thue/1/115.jpg',37,0),(1247,'https://dtcdnyacd.com/nettruyen/ban-hoc-cua-toi-la-linh-danh-thue/1/116.jpg',37,0),(1248,'https://cmnvymn.com/nettruyen/ban-hoc-cua-toi-la-linh-danh-thue/1/117.jpg',37,0),(1249,'https://dtcdnyacd.com/nettruyen/ban-hoc-cua-toi-la-linh-danh-thue/1/118.jpg',37,0),(1250,'https://cmnvymn.com/nettruyen/ban-hoc-cua-toi-la-linh-danh-thue/1/119.jpg',37,0),(1251,'https://dtcdnyacd.com/nettruyen/ban-hoc-cua-toi-la-linh-danh-thue/1/120.jpg',37,0),(1252,'https://cmnvymn.com/nettruyen/ban-hoc-cua-toi-la-linh-danh-thue/1/121.jpg',37,0),(1253,'https://dtcdnyacd.com/nettruyen/ban-hoc-cua-toi-la-linh-danh-thue/1/122.jpg',37,0),(1254,'https://cmnvymn.com/nettruyen/ban-hoc-cua-toi-la-linh-danh-thue/1/123.jpg',37,0),(1255,'https://dtcdnyacd.com/nettruyen/ban-hoc-cua-toi-la-linh-danh-thue/1/124.jpg',37,0),(1256,'https://cmnvymn.com/nettruyen/ban-hoc-cua-toi-la-linh-danh-thue/1/125.jpg',37,0),(1257,'https://dtcdnyacd.com/nettruyen/ban-hoc-cua-toi-la-linh-danh-thue/1/126.jpg',37,0),(1258,'https://cmnvymn.com/nettruyen/ban-hoc-cua-toi-la-linh-danh-thue/1/127.jpg',37,0),(1259,'https://dtcdnyacd.com/nettruyen/ban-hoc-cua-toi-la-linh-danh-thue/1/128.jpg',37,0),(1260,'https://cmnvymn.com/nettruyen/ban-hoc-cua-toi-la-linh-danh-thue/1/129.jpg',37,0),(1261,'https://dtcdnyacd.com/nettruyen/ban-hoc-cua-toi-la-linh-danh-thue/1/130.jpg',37,0),(1262,'https://cmnvymn.com/nettruyen/ban-hoc-cua-toi-la-linh-danh-thue/1/131.jpg',37,0),(1263,'https://dtcdnyacd.com/nettruyen/ban-hoc-cua-toi-la-linh-danh-thue/1/132.jpg',37,0),(1264,'https://cmnvymn.com/nettruyen/ban-hoc-cua-toi-la-linh-danh-thue/1/133.jpg',37,0),(1265,'https://dtcdnyacd.com/nettruyen/ban-hoc-cua-toi-la-linh-danh-thue/1/134.jpg',37,0),(1266,'https://cmnvymn.com/nettruyen/ban-hoc-cua-toi-la-linh-danh-thue/1/135.jpg',37,0),(1267,'https://dtcdnyacd.com/nettruyen/ban-hoc-cua-toi-la-linh-danh-thue/1/136.jpg',37,0),(1268,'https://cmnvymn.com/nettruyen/ban-hoc-cua-toi-la-linh-danh-thue/1/137.jpg',37,0),(1269,'https://dtcdnyacd.com/nettruyen/ban-hoc-cua-toi-la-linh-danh-thue/1/138.jpg',37,0),(1270,'https://cmnvymn.com/nettruyen/ban-hoc-cua-toi-la-linh-danh-thue/1/139.jpg',37,0),(1271,'https://dtcdnyacd.com/nettruyen/ban-hoc-cua-toi-la-linh-danh-thue/1/140.jpg',37,0),(1272,'https://cmnvymn.com/nettruyen/ban-hoc-cua-toi-la-linh-danh-thue/1/141.jpg',37,0),(1273,'https://dtcdnyacd.com/nettruyen/ban-hoc-cua-toi-la-linh-danh-thue/1/142.jpg',37,0),(1274,'https://cmnvymn.com/nettruyen/ban-hoc-cua-toi-la-linh-danh-thue/1/143.jpg',37,0),(1275,'https://dtcdnyacd.com/nettruyen/ban-hoc-cua-toi-la-linh-danh-thue/1/144.jpg',37,0),(1276,'https://cmnvymn.com/nettruyen/ban-hoc-cua-toi-la-linh-danh-thue/1/145.jpg',37,0),(1277,'https://dtcdnyacd.com/nettruyen/ban-hoc-cua-toi-la-linh-danh-thue/1/146.jpg',37,0),(1278,'https://cmnvymn.com/nettruyen/ban-hoc-cua-toi-la-linh-danh-thue/1/147.jpg',37,0),(1279,'https://dtcdnyacd.com/nettruyen/ban-hoc-cua-toi-la-linh-danh-thue/1/148.jpg',37,0),(1280,'https://cmnvymn.com/nettruyen/ban-hoc-cua-toi-la-linh-danh-thue/1/149.jpg',37,0),(1281,'https://dtcdnyacd.com/nettruyen/ban-hoc-cua-toi-la-linh-danh-thue/1/150.jpg',37,0),(1282,'https://cmnvymn.com/nettruyen/ban-hoc-cua-toi-la-linh-danh-thue/1/151.jpg',37,0),(1283,'https://dtcdnyacd.com/nettruyen/ban-hoc-cua-toi-la-linh-danh-thue/1/152.jpg',37,0),(1284,'https://cmnvymn.com/nettruyen/ban-hoc-cua-toi-la-linh-danh-thue/1/153.jpg',37,0),(1285,'https://dtcdnyacd.com/nettruyen/ban-hoc-cua-toi-la-linh-danh-thue/1/154.jpg',37,0),(1286,'https://cmnvymn.com/nettruyen/ban-hoc-cua-toi-la-linh-danh-thue/1/155.jpg',37,0),(1287,'https://dtcdnyacd.com/nettruyen/ban-hoc-cua-toi-la-linh-danh-thue/1/156.jpg',37,0),(1288,'https://cmnvymn.com/nettruyen/ban-hoc-cua-toi-la-linh-danh-thue/1/157.jpg',37,0),(1289,'https://dtcdnyacd.com/nettruyen/ban-hoc-cua-toi-la-linh-danh-thue/1/158.jpg',37,0),(1290,'https://cmnvymn.com/nettruyen/ban-hoc-cua-toi-la-linh-danh-thue/1/159.jpg',37,0),(1291,'https://dtcdnyacd.com/nettruyen/ban-hoc-cua-toi-la-linh-danh-thue/1/160.jpg',37,0),(1292,'https://cmnvymn.com/nettruyen/ban-hoc-cua-toi-la-linh-danh-thue/1/161.jpg',37,0),(1293,'https://dtcdnyacd.com/nettruyen/ban-hoc-cua-toi-la-linh-danh-thue/1/162.jpg',37,0),(1294,'https://cmnvymn.com/nettruyen/ban-hoc-cua-toi-la-linh-danh-thue/1/163.jpg',37,0),(1295,'https://dtcdnyacd.com/nettruyen/ban-hoc-cua-toi-la-linh-danh-thue/1/164.jpg',37,0),(1296,'https://cmnvymn.com/nettruyen/ban-hoc-cua-toi-la-linh-danh-thue/1/165.jpg',37,0),(1297,'https://dtcdnyacd.com/nettruyen/ban-hoc-cua-toi-la-linh-danh-thue/1/166.jpg',37,0),(1298,'https://cmnvymn.com/nettruyen/ban-hoc-cua-toi-la-linh-danh-thue/1/167.jpg',37,0),(1299,'https://dtcdnyacd.com/nettruyen/ban-hoc-cua-toi-la-linh-danh-thue/1/168.jpg',37,0),(1300,'https://cmnvymn.com/nettruyen/ban-hoc-cua-toi-la-linh-danh-thue/1/169.jpg',37,0),(1301,'https://dtcdnyacd.com/nettruyen/ban-hoc-cua-toi-la-linh-danh-thue/1/170.jpg',37,0),(1302,'https://cmnvymn.com/nettruyen/ban-hoc-cua-toi-la-linh-danh-thue/1/171.jpg',37,0),(1303,'https://dtcdnyacd.com/nettruyen/ban-hoc-cua-toi-la-linh-danh-thue/1/172.jpg',37,0),(1304,'https://cmnvymn.com/nettruyen/ban-hoc-cua-toi-la-linh-danh-thue/1/173.jpg',37,0),(1305,'https://dtcdnyacd.com/nettruyen/ban-hoc-cua-toi-la-linh-danh-thue/1/174.jpg',37,0),(1306,'https://cmnvymn.com/nettruyen/ban-hoc-cua-toi-la-linh-danh-thue/1/175.jpg',37,0),(1307,'https://dtcdnyacd.com/nettruyen/ban-hoc-cua-toi-la-linh-danh-thue/1/176.jpg',37,0),(1308,'https://cmnvymn.com/nettruyen/ban-hoc-cua-toi-la-linh-danh-thue/1/177.jpg',37,0),(1309,'https://dtcdnyacd.com/nettruyen/ban-hoc-cua-toi-la-linh-danh-thue/1/178.jpg',37,0),(1310,'https://cmnvymn.com/nettruyen/ban-hoc-cua-toi-la-linh-danh-thue/1/179.jpg',37,0),(1311,'https://dtcdnyacd.com/nettruyen/ban-hoc-cua-toi-la-linh-danh-thue/1/180.jpg',37,0),(1312,'https://cmnvymn.com/nettruyen/ban-hoc-cua-toi-la-linh-danh-thue/1/181.jpg',37,0),(1313,'https://dtcdnyacd.com/nettruyen/ban-hoc-cua-toi-la-linh-danh-thue/1/182.jpg',37,0),(1314,'https://cmnvymn.com/nettruyen/ban-hoc-cua-toi-la-linh-danh-thue/1/183.jpg',37,0),(1315,'https://dtcdnyacd.com/nettruyen/ban-hoc-cua-toi-la-linh-danh-thue/1/184.jpg',37,0),(1316,'https://cmnvymn.com/nettruyen/ban-hoc-cua-toi-la-linh-danh-thue/1/185.jpg',37,0),(1317,'https://dtcdnyacd.com/nettruyen/ban-hoc-cua-toi-la-linh-danh-thue/1/186.jpg',37,0),(1318,'https://cmnvymn.com/nettruyen/ban-hoc-cua-toi-la-linh-danh-thue/1/187.jpg',37,0),(1319,'https://dtcdnyacd.com/nettruyen/ban-hoc-cua-toi-la-linh-danh-thue/1/188.jpg',37,0),(1320,'https://cmnvymn.com/nettruyen/ban-hoc-cua-toi-la-linh-danh-thue/1/189.jpg',37,0),(1321,'https://dtcdnyacd.com/nettruyen/ban-hoc-cua-toi-la-linh-danh-thue/1/190.jpg',37,0),(1322,'https://cmnvymn.com/nettruyen/ban-hoc-cua-toi-la-linh-danh-thue/1/191.jpg',37,0),(1323,'https://dtcdnyacd.com/nettruyen/ban-hoc-cua-toi-la-linh-danh-thue/1/192.jpg',37,0),(1324,'https://cmnvymn.com/nettruyen/ban-hoc-cua-toi-la-linh-danh-thue/1/193.jpg',37,0),(1325,'https://dtcdnyacd.com/nettruyen/ban-hoc-cua-toi-la-linh-danh-thue/1/194.jpg',37,0),(1326,'https://cmnvymn.com/nettruyen/ban-hoc-cua-toi-la-linh-danh-thue/1/195.jpg',37,0),(1327,'https://dtcdnyacd.com/nettruyen/ban-hoc-cua-toi-la-linh-danh-thue/1/196.jpg',37,0),(1328,'https://cmnvymn.com/nettruyen/ban-hoc-cua-toi-la-linh-danh-thue/1/197.jpg',37,0),(1329,'https://dtcdnyacd.com/nettruyen/ban-hoc-cua-toi-la-linh-danh-thue/1/198.jpg',37,0),(1330,'https://cmnvymn.com/nettruyen/ban-hoc-cua-toi-la-linh-danh-thue/1/199.jpg',37,0),(1331,'https://dtcdnyacd.com/nettruyen/ban-hoc-cua-toi-la-linh-danh-thue/2/0.jpg',38,0),(1332,'https://cmnvymn.com/nettruyen/ban-hoc-cua-toi-la-linh-danh-thue/2/1.jpg',38,0),(1333,'https://dtcdnyacd.com/nettruyen/ban-hoc-cua-toi-la-linh-danh-thue/2/2.jpg',38,0),(1334,'https://cmnvymn.com/nettruyen/ban-hoc-cua-toi-la-linh-danh-thue/2/3.jpg',38,0),(1335,'https://dtcdnyacd.com/nettruyen/ban-hoc-cua-toi-la-linh-danh-thue/2/4.jpg',38,0),(1336,'https://cmnvymn.com/nettruyen/ban-hoc-cua-toi-la-linh-danh-thue/2/5.jpg',38,0),(1337,'https://dtcdnyacd.com/nettruyen/ban-hoc-cua-toi-la-linh-danh-thue/2/6.jpg',38,0),(1338,'https://cmnvymn.com/nettruyen/ban-hoc-cua-toi-la-linh-danh-thue/2/7.jpg',38,0),(1339,'https://dtcdnyacd.com/nettruyen/ban-hoc-cua-toi-la-linh-danh-thue/2/8.jpg',38,0),(1340,'https://cmnvymn.com/nettruyen/ban-hoc-cua-toi-la-linh-danh-thue/2/9.jpg',38,0),(1341,'https://dtcdnyacd.com/nettruyen/ban-hoc-cua-toi-la-linh-danh-thue/2/10.jpg',38,0),(1342,'https://cmnvymn.com/nettruyen/ban-hoc-cua-toi-la-linh-danh-thue/2/11.jpg',38,0),(1343,'https://dtcdnyacd.com/nettruyen/ban-hoc-cua-toi-la-linh-danh-thue/2/12.jpg',38,0),(1344,'https://cmnvymn.com/nettruyen/ban-hoc-cua-toi-la-linh-danh-thue/2/13.jpg',38,0),(1345,'https://dtcdnyacd.com/nettruyen/ban-hoc-cua-toi-la-linh-danh-thue/2/14.jpg',38,0),(1346,'https://cmnvymn.com/nettruyen/ban-hoc-cua-toi-la-linh-danh-thue/2/15.jpg',38,0),(1347,'https://dtcdnyacd.com/nettruyen/ban-hoc-cua-toi-la-linh-danh-thue/2/16.jpg',38,0),(1348,'https://cmnvymn.com/nettruyen/ban-hoc-cua-toi-la-linh-danh-thue/2/17.jpg',38,0),(1349,'https://dtcdnyacd.com/nettruyen/ban-hoc-cua-toi-la-linh-danh-thue/2/18.jpg',38,0),(1350,'https://cmnvymn.com/nettruyen/ban-hoc-cua-toi-la-linh-danh-thue/2/19.jpg',38,0),(1351,'https://dtcdnyacd.com/nettruyen/ban-hoc-cua-toi-la-linh-danh-thue/2/20.jpg',38,0),(1352,'https://cmnvymn.com/nettruyen/ban-hoc-cua-toi-la-linh-danh-thue/2/21.jpg',38,0),(1353,'https://dtcdnyacd.com/nettruyen/ban-hoc-cua-toi-la-linh-danh-thue/2/22.jpg',38,0),(1354,'https://cmnvymn.com/nettruyen/ban-hoc-cua-toi-la-linh-danh-thue/2/23.jpg',38,0),(1355,'https://dtcdnyacd.com/nettruyen/ban-hoc-cua-toi-la-linh-danh-thue/2/24.jpg',38,0),(1356,'https://cmnvymn.com/nettruyen/ban-hoc-cua-toi-la-linh-danh-thue/2/25.jpg',38,0),(1357,'https://dtcdnyacd.com/nettruyen/ban-hoc-cua-toi-la-linh-danh-thue/2/26.jpg',38,0),(1358,'https://cmnvymn.com/nettruyen/ban-hoc-cua-toi-la-linh-danh-thue/2/27.jpg',38,0),(1359,'https://dtcdnyacd.com/nettruyen/ban-hoc-cua-toi-la-linh-danh-thue/2/28.jpg',38,0),(1360,'https://cmnvymn.com/nettruyen/ban-hoc-cua-toi-la-linh-danh-thue/2/29.jpg',38,0),(1361,'https://dtcdnyacd.com/nettruyen/ban-hoc-cua-toi-la-linh-danh-thue/2/30.jpg',38,0),(1362,'https://cmnvymn.com/nettruyen/ban-hoc-cua-toi-la-linh-danh-thue/2/31.jpg',38,0),(1363,'https://dtcdnyacd.com/nettruyen/ban-hoc-cua-toi-la-linh-danh-thue/2/32.jpg',38,0),(1364,'https://cmnvymn.com/nettruyen/ban-hoc-cua-toi-la-linh-danh-thue/2/33.jpg',38,0),(1365,'https://dtcdnyacd.com/nettruyen/ban-hoc-cua-toi-la-linh-danh-thue/2/34.jpg',38,0),(1366,'https://cmnvymn.com/nettruyen/ban-hoc-cua-toi-la-linh-danh-thue/2/35.jpg',38,0),(1367,'https://dtcdnyacd.com/nettruyen/ban-hoc-cua-toi-la-linh-danh-thue/2/36.jpg',38,0),(1368,'https://cmnvymn.com/nettruyen/ban-hoc-cua-toi-la-linh-danh-thue/2/37.jpg',38,0),(1369,'https://dtcdnyacd.com/nettruyen/ban-hoc-cua-toi-la-linh-danh-thue/2/38.jpg',38,0),(1370,'https://cmnvymn.com/nettruyen/ban-hoc-cua-toi-la-linh-danh-thue/2/39.jpg',38,0),(1371,'https://dtcdnyacd.com/nettruyen/ban-hoc-cua-toi-la-linh-danh-thue/2/40.jpg',38,0),(1372,'https://cmnvymn.com/nettruyen/ban-hoc-cua-toi-la-linh-danh-thue/2/41.jpg',38,0),(1373,'https://dtcdnyacd.com/nettruyen/ban-hoc-cua-toi-la-linh-danh-thue/2/42.jpg',38,0),(1374,'https://cmnvymn.com/nettruyen/ban-hoc-cua-toi-la-linh-danh-thue/2/43.jpg',38,0),(1375,'https://dtcdnyacd.com/nettruyen/ban-hoc-cua-toi-la-linh-danh-thue/2/44.jpg',38,0),(1376,'https://cmnvymn.com/nettruyen/ban-hoc-cua-toi-la-linh-danh-thue/2/45.jpg',38,0),(1377,'https://dtcdnyacd.com/nettruyen/ban-hoc-cua-toi-la-linh-danh-thue/2/46.jpg',38,0),(1378,'https://cmnvymn.com/nettruyen/ban-hoc-cua-toi-la-linh-danh-thue/2/47.jpg',38,0),(1379,'https://dtcdnyacd.com/nettruyen/ban-hoc-cua-toi-la-linh-danh-thue/2/48.jpg',38,0),(1380,'https://cmnvymn.com/nettruyen/ban-hoc-cua-toi-la-linh-danh-thue/2/49.jpg',38,0),(1381,'https://dtcdnyacd.com/nettruyen/ban-hoc-cua-toi-la-linh-danh-thue/2/50.jpg',38,0),(1382,'https://cmnvymn.com/nettruyen/ban-hoc-cua-toi-la-linh-danh-thue/2/51.jpg',38,0),(1383,'https://dtcdnyacd.com/nettruyen/ban-hoc-cua-toi-la-linh-danh-thue/2/52.jpg',38,0),(1384,'https://cmnvymn.com/nettruyen/ban-hoc-cua-toi-la-linh-danh-thue/2/53.jpg',38,0),(1385,'https://dtcdnyacd.com/nettruyen/ban-hoc-cua-toi-la-linh-danh-thue/2/54.jpg',38,0),(1386,'https://cmnvymn.com/nettruyen/ban-hoc-cua-toi-la-linh-danh-thue/2/55.jpg',38,0),(1387,'https://dtcdnyacd.com/nettruyen/ban-hoc-cua-toi-la-linh-danh-thue/2/56.jpg',38,0),(1388,'https://cmnvymn.com/nettruyen/ban-hoc-cua-toi-la-linh-danh-thue/2/57.jpg',38,0),(1389,'https://dtcdnyacd.com/nettruyen/ban-hoc-cua-toi-la-linh-danh-thue/2/58.jpg',38,0),(1390,'https://cmnvymn.com/nettruyen/ban-hoc-cua-toi-la-linh-danh-thue/2/59.jpg',38,0),(1391,'https://dtcdnyacd.com/nettruyen/ban-hoc-cua-toi-la-linh-danh-thue/2/60.jpg',38,0),(1392,'https://cmnvymn.com/nettruyen/ban-hoc-cua-toi-la-linh-danh-thue/2/61.jpg',38,0),(1393,'https://dtcdnyacd.com/nettruyen/ban-hoc-cua-toi-la-linh-danh-thue/2/62.jpg',38,0),(1394,'https://cmnvymn.com/nettruyen/ban-hoc-cua-toi-la-linh-danh-thue/2/63.jpg',38,0),(1395,'https://dtcdnyacd.com/nettruyen/ban-hoc-cua-toi-la-linh-danh-thue/2/64.jpg',38,0),(1396,'https://cmnvymn.com/nettruyen/ban-hoc-cua-toi-la-linh-danh-thue/2/65.jpg',38,0),(1397,'https://dtcdnyacd.com/nettruyen/ban-hoc-cua-toi-la-linh-danh-thue/2/66.jpg',38,0),(1398,'https://cmnvymn.com/nettruyen/ban-hoc-cua-toi-la-linh-danh-thue/2/67.jpg',38,0),(1399,'https://dtcdnyacd.com/nettruyen/ban-hoc-cua-toi-la-linh-danh-thue/2/68.jpg',38,0),(1400,'https://cmnvymn.com/nettruyen/ban-hoc-cua-toi-la-linh-danh-thue/2/69.jpg',38,0),(1401,'https://dtcdnyacd.com/nettruyen/ban-hoc-cua-toi-la-linh-danh-thue/2/70.jpg',38,0),(1402,'https://cmnvymn.com/nettruyen/ban-hoc-cua-toi-la-linh-danh-thue/2/71.jpg',38,0),(1403,'https://dtcdnyacd.com/nettruyen/ban-hoc-cua-toi-la-linh-danh-thue/2/72.jpg',38,0),(1404,'https://cmnvymn.com/nettruyen/ban-hoc-cua-toi-la-linh-danh-thue/2/73.jpg',38,0),(1405,'https://dtcdnyacd.com/nettruyen/ban-hoc-cua-toi-la-linh-danh-thue/2/74.jpg',38,0),(1406,'https://cmnvymn.com/nettruyen/ban-hoc-cua-toi-la-linh-danh-thue/2/75.jpg',38,0),(1407,'https://dtcdnyacd.com/nettruyen/ban-hoc-cua-toi-la-linh-danh-thue/2/76.jpg',38,0),(1408,'https://cmnvymn.com/nettruyen/ban-hoc-cua-toi-la-linh-danh-thue/2/77.jpg',38,0),(1409,'https://dtcdnyacd.com/nettruyen/ban-hoc-cua-toi-la-linh-danh-thue/2/78.jpg',38,0),(1410,'https://cmnvymn.com/nettruyen/ban-hoc-cua-toi-la-linh-danh-thue/2/79.jpg',38,0),(1411,'https://dtcdnyacd.com/nettruyen/ban-hoc-cua-toi-la-linh-danh-thue/2/80.jpg',38,0),(1412,'https://cmnvymn.com/nettruyen/ban-hoc-cua-toi-la-linh-danh-thue/2/81.jpg',38,0),(1413,'https://dtcdnyacd.com/nettruyen/ban-hoc-cua-toi-la-linh-danh-thue/2/82.jpg',38,0),(1414,'https://cmnvymn.com/nettruyen/ban-hoc-cua-toi-la-linh-danh-thue/2/83.jpg',38,0),(1415,'https://dtcdnyacd.com/nettruyen/ban-hoc-cua-toi-la-linh-danh-thue/2/84.jpg',38,0),(1416,'https://cmnvymn.com/nettruyen/ban-hoc-cua-toi-la-linh-danh-thue/2/85.jpg',38,0),(1417,'https://dtcdnyacd.com/nettruyen/ban-hoc-cua-toi-la-linh-danh-thue/2/86.jpg',38,0),(1418,'https://cmnvymn.com/nettruyen/ban-hoc-cua-toi-la-linh-danh-thue/2/87.jpg',38,0),(1419,'https://dtcdnyacd.com/nettruyen/ban-hoc-cua-toi-la-linh-danh-thue/2/88.jpg',38,0),(1420,'https://cmnvymn.com/nettruyen/ban-hoc-cua-toi-la-linh-danh-thue/2/89.jpg',38,0),(1421,'https://dtcdnyacd.com/nettruyen/ban-hoc-cua-toi-la-linh-danh-thue/2/90.jpg',38,0),(1422,'https://cmnvymn.com/nettruyen/ban-hoc-cua-toi-la-linh-danh-thue/2/91.jpg',38,0),(1423,'https://dtcdnyacd.com/nettruyen/ban-hoc-cua-toi-la-linh-danh-thue/2/92.jpg',38,0),(1424,'https://cmnvymn.com/nettruyen/ban-hoc-cua-toi-la-linh-danh-thue/2/93.jpg',38,0),(1425,'https://dtcdnyacd.com/nettruyen/ban-hoc-cua-toi-la-linh-danh-thue/2/94.jpg',38,0),(1426,'https://cmnvymn.com/nettruyen/ban-hoc-cua-toi-la-linh-danh-thue/2/95.jpg',38,0),(1427,'https://dtcdnyacd.com/nettruyen/ban-hoc-cua-toi-la-linh-danh-thue/2/96.jpg',38,0),(1428,'https://cmnvymn.com/nettruyen/ban-hoc-cua-toi-la-linh-danh-thue/2/97.jpg',38,0),(1429,'https://dtcdnyacd.com/nettruyen/ban-hoc-cua-toi-la-linh-danh-thue/2/98.jpg',38,0),(1430,'https://cmnvymn.com/nettruyen/ban-hoc-cua-toi-la-linh-danh-thue/2/99.jpg',38,0),(1431,'https://dtcdnyacd.com/nettruyen/ban-hoc-cua-toi-la-linh-danh-thue/2/100.jpg',38,0),(1432,'https://cmnvymn.com/nettruyen/ban-hoc-cua-toi-la-linh-danh-thue/2/101.jpg',38,0),(1433,'https://dtcdnyacd.com/nettruyen/ban-hoc-cua-toi-la-linh-danh-thue/2/102.jpg',38,0),(1434,'https://cmnvymn.com/nettruyen/ban-hoc-cua-toi-la-linh-danh-thue/2/103.jpg',38,0),(1435,'https://dtcdnyacd.com/nettruyen/ban-hoc-cua-toi-la-linh-danh-thue/2/104.jpg',38,0),(1436,'https://cmnvymn.com/nettruyen/ban-hoc-cua-toi-la-linh-danh-thue/2/105.jpg',38,0),(1437,'https://dtcdnyacd.com/nettruyen/ban-hoc-cua-toi-la-linh-danh-thue/2/106.jpg',38,0),(1438,'https://cmnvymn.com/nettruyen/ban-hoc-cua-toi-la-linh-danh-thue/2/107.jpg',38,0),(1439,'https://dtcdnyacd.com/nettruyen/ban-hoc-cua-toi-la-linh-danh-thue/2/108.jpg',38,0),(1440,'https://cmnvymn.com/nettruyen/ban-hoc-cua-toi-la-linh-danh-thue/2/109.jpg',38,0),(1441,'https://dtcdnyacd.com/nettruyen/ban-hoc-cua-toi-la-linh-danh-thue/2/110.jpg',38,0),(1442,'https://cmnvymn.com/nettruyen/ban-hoc-cua-toi-la-linh-danh-thue/2/111.jpg',38,0),(1443,'https://dtcdnyacd.com/nettruyen/ban-hoc-cua-toi-la-linh-danh-thue/2/112.jpg',38,0),(1444,'https://cmnvymn.com/nettruyen/ban-hoc-cua-toi-la-linh-danh-thue/2/113.jpg',38,0),(1445,'https://dtcdnyacd.com/nettruyen/ban-hoc-cua-toi-la-linh-danh-thue/2/114.jpg',38,0),(1446,'https://cmnvymn.com/nettruyen/ban-hoc-cua-toi-la-linh-danh-thue/2/115.jpg',38,0),(1447,'https://dtcdnyacd.com/nettruyen/ban-hoc-cua-toi-la-linh-danh-thue/2/116.jpg',38,0),(1448,'https://cmnvymn.com/nettruyen/ban-hoc-cua-toi-la-linh-danh-thue/2/117.jpg',38,0),(1449,'https://dtcdnyacd.com/nettruyen/ban-hoc-cua-toi-la-linh-danh-thue/2/118.jpg',38,0),(1450,'https://cmnvymn.com/nettruyen/ban-hoc-cua-toi-la-linh-danh-thue/2/119.jpg',38,0),(1451,'https://dtcdnyacd.com/nettruyen/ban-hoc-cua-toi-la-linh-danh-thue/2/120.jpg',38,0),(1452,'https://cmnvymn.com/nettruyen/ban-hoc-cua-toi-la-linh-danh-thue/2/121.jpg',38,0),(1453,'https://dtcdnyacd.com/nettruyen/ban-hoc-cua-toi-la-linh-danh-thue/2/122.jpg',38,0),(1454,'https://cmnvymn.com/nettruyen/ban-hoc-cua-toi-la-linh-danh-thue/2/123.jpg',38,0),(1455,'https://dtcdnyacd.com/nettruyen/ban-hoc-cua-toi-la-linh-danh-thue/2/124.jpg',38,0),(1456,'https://cmnvymn.com/nettruyen/ban-hoc-cua-toi-la-linh-danh-thue/2/125.jpg',38,0),(1457,'https://dtcdnyacd.com/nettruyen/ban-hoc-cua-toi-la-linh-danh-thue/2/126.jpg',38,0),(1458,'https://cmnvymn.com/nettruyen/ban-hoc-cua-toi-la-linh-danh-thue/2/127.jpg',38,0),(1459,'https://dtcdnyacd.com/nettruyen/ban-hoc-cua-toi-la-linh-danh-thue/2/128.jpg',38,0),(1460,'https://cmnvymn.com/nettruyen/ban-hoc-cua-toi-la-linh-danh-thue/2/129.jpg',38,0),(1461,'https://dtcdnyacd.com/nettruyen/ban-hoc-cua-toi-la-linh-danh-thue/2/130.jpg',38,0),(1462,'https://cmnvymn.com/nettruyen/ban-hoc-cua-toi-la-linh-danh-thue/2/131.jpg',38,0),(1463,'https://dtcdnyacd.com/nettruyen/ban-hoc-cua-toi-la-linh-danh-thue/2/132.jpg',38,0),(1464,'https://cmnvymn.com/nettruyen/ban-hoc-cua-toi-la-linh-danh-thue/2/133.jpg',38,0),(1465,'https://dtcdnyacd.com/nettruyen/ban-hoc-cua-toi-la-linh-danh-thue/2/134.jpg',38,0),(1466,'https://cmnvymn.com/nettruyen/ban-hoc-cua-toi-la-linh-danh-thue/2/135.jpg',38,0),(1467,'https://dtcdnyacd.com/nettruyen/ban-hoc-cua-toi-la-linh-danh-thue/2/136.jpg',38,0),(1468,'https://cmnvymn.com/nettruyen/ban-hoc-cua-toi-la-linh-danh-thue/2/137.jpg',38,0),(1469,'https://dtcdnyacd.com/nettruyen/ban-hoc-cua-toi-la-linh-danh-thue/2/138.jpg',38,0),(1470,'https://cmnvymn.com/nettruyen/ban-hoc-cua-toi-la-linh-danh-thue/2/139.jpg',38,0),(1471,'https://dtcdnyacd.com/nettruyen/ban-hoc-cua-toi-la-linh-danh-thue/2/140.jpg',38,0),(1472,'https://cmnvymn.com/nettruyen/ban-hoc-cua-toi-la-linh-danh-thue/2/141.jpg',38,0),(1473,'https://dtcdnyacd.com/nettruyen/ban-hoc-cua-toi-la-linh-danh-thue/2/142.jpg',38,0),(1474,'https://cmnvymn.com/nettruyen/ban-hoc-cua-toi-la-linh-danh-thue/2/143.jpg',38,0),(1475,'https://dtcdnyacd.com/nettruyen/ban-hoc-cua-toi-la-linh-danh-thue/2/144.jpg',38,0),(1476,'https://cmnvymn.com/nettruyen/ban-hoc-cua-toi-la-linh-danh-thue/2/145.jpg',38,0),(1477,'https://dtcdnyacd.com/nettruyen/ban-hoc-cua-toi-la-linh-danh-thue/2/146.jpg',38,0),(1478,'https://cmnvymn.com/nettruyen/ban-hoc-cua-toi-la-linh-danh-thue/2/147.jpg',38,0),(1479,'https://dtcdnyacd.com/nettruyen/ban-hoc-cua-toi-la-linh-danh-thue/2/148.jpg',38,0),(1480,'https://cmnvymn.com/nettruyen/ban-hoc-cua-toi-la-linh-danh-thue/2/149.jpg',38,0),(1481,'https://dtcdnyacd.com/nettruyen/ban-hoc-cua-toi-la-linh-danh-thue/2/150.jpg',38,0),(1482,'https://cmnvymn.com/nettruyen/ban-hoc-cua-toi-la-linh-danh-thue/2/151.jpg',38,0),(1483,'https://dtcdnyacd.com/nettruyen/ban-hoc-cua-toi-la-linh-danh-thue/2/152.jpg',38,0),(1484,'https://cmnvymn.com/nettruyen/ban-hoc-cua-toi-la-linh-danh-thue/2/153.jpg',38,0),(1485,'https://dtcdnyacd.com/nettruyen/ban-hoc-cua-toi-la-linh-danh-thue/2/154.jpg',38,0),(1486,'https://cmnvymn.com/nettruyen/ban-hoc-cua-toi-la-linh-danh-thue/2/155.jpg',38,0),(1487,'https://dtcdnyacd.com/nettruyen/ban-hoc-cua-toi-la-linh-danh-thue/2/156.jpg',38,0),(1488,'https://cmnvymn.com/nettruyen/ban-hoc-cua-toi-la-linh-danh-thue/2/157.jpg',38,0),(1489,'https://dtcdnyacd.com/nettruyen/ban-hoc-cua-toi-la-linh-danh-thue/2/158.jpg',38,0),(1490,'https://cmnvymn.com/nettruyen/ban-hoc-cua-toi-la-linh-danh-thue/2/159.jpg',38,0),(1491,'https://dtcdnyacd.com/nettruyen/ban-hoc-cua-toi-la-linh-danh-thue/2/160.jpg',38,0),(1492,'https://cmnvymn.com/nettruyen/ban-hoc-cua-toi-la-linh-danh-thue/2/161.jpg',38,0),(1493,'https://dtcdnyacd.com/nettruyen/ban-hoc-cua-toi-la-linh-danh-thue/2/162.jpg',38,0),(1494,'https://cmnvymn.com/nettruyen/ban-hoc-cua-toi-la-linh-danh-thue/2/163.jpg',38,0),(1495,'https://dtcdnyacd.com/nettruyen/ban-hoc-cua-toi-la-linh-danh-thue/2/164.jpg',38,0),(1496,'https://cmnvymn.com/nettruyen/ban-hoc-cua-toi-la-linh-danh-thue/2/165.jpg',38,0),(1497,'https://dtcdnyacd.com/nettruyen/ban-hoc-cua-toi-la-linh-danh-thue/2/166.jpg',38,0),(1498,'https://cmnvymn.com/nettruyen/ban-hoc-cua-toi-la-linh-danh-thue/2/167.jpg',38,0),(1499,'https://dtcdnyacd.com/nettruyen/ban-hoc-cua-toi-la-linh-danh-thue/2/168.jpg',38,0),(1500,'https://cmnvymn.com/nettruyen/ban-hoc-cua-toi-la-linh-danh-thue/2/169.jpg',38,0),(1501,'https://dtcdnyacd.com/nettruyen/ban-hoc-cua-toi-la-linh-danh-thue/2/170.jpg',38,0),(1502,'https://cmnvymn.com/nettruyen/ban-hoc-cua-toi-la-linh-danh-thue/2/171.jpg',38,0),(1503,'https://dtcdnyacd.com/nettruyen/ban-hoc-cua-toi-la-linh-danh-thue/3/0.jpg',39,0),(1504,'https://cmnvymn.com/nettruyen/ban-hoc-cua-toi-la-linh-danh-thue/3/1.jpg',39,0),(1505,'https://dtcdnyacd.com/nettruyen/ban-hoc-cua-toi-la-linh-danh-thue/3/2.jpg',39,0),(1506,'https://cmnvymn.com/nettruyen/ban-hoc-cua-toi-la-linh-danh-thue/3/3.jpg',39,0),(1507,'https://dtcdnyacd.com/nettruyen/ban-hoc-cua-toi-la-linh-danh-thue/3/4.jpg',39,0),(1508,'https://cmnvymn.com/nettruyen/ban-hoc-cua-toi-la-linh-danh-thue/3/5.jpg',39,0),(1509,'https://dtcdnyacd.com/nettruyen/ban-hoc-cua-toi-la-linh-danh-thue/3/6.jpg',39,0),(1510,'https://cmnvymn.com/nettruyen/ban-hoc-cua-toi-la-linh-danh-thue/3/7.jpg',39,0),(1511,'https://dtcdnyacd.com/nettruyen/ban-hoc-cua-toi-la-linh-danh-thue/3/8.jpg',39,0),(1512,'https://cmnvymn.com/nettruyen/ban-hoc-cua-toi-la-linh-danh-thue/3/9.jpg',39,0),(1513,'https://dtcdnyacd.com/nettruyen/ban-hoc-cua-toi-la-linh-danh-thue/3/10.jpg',39,0),(1514,'https://cmnvymn.com/nettruyen/ban-hoc-cua-toi-la-linh-danh-thue/3/11.jpg',39,0),(1515,'https://dtcdnyacd.com/nettruyen/ban-hoc-cua-toi-la-linh-danh-thue/3/12.jpg',39,0),(1516,'https://cmnvymn.com/nettruyen/ban-hoc-cua-toi-la-linh-danh-thue/3/13.jpg',39,0),(1517,'https://dtcdnyacd.com/nettruyen/ban-hoc-cua-toi-la-linh-danh-thue/3/14.jpg',39,0),(1518,'https://cmnvymn.com/nettruyen/ban-hoc-cua-toi-la-linh-danh-thue/3/15.jpg',39,0),(1519,'https://dtcdnyacd.com/nettruyen/ban-hoc-cua-toi-la-linh-danh-thue/3/16.jpg',39,0),(1520,'https://cmnvymn.com/nettruyen/ban-hoc-cua-toi-la-linh-danh-thue/3/17.jpg',39,0),(1521,'https://dtcdnyacd.com/nettruyen/ban-hoc-cua-toi-la-linh-danh-thue/3/18.jpg',39,0),(1522,'https://cmnvymn.com/nettruyen/ban-hoc-cua-toi-la-linh-danh-thue/3/19.jpg',39,0),(1523,'https://dtcdnyacd.com/nettruyen/ban-hoc-cua-toi-la-linh-danh-thue/3/20.jpg',39,0),(1524,'https://cmnvymn.com/nettruyen/ban-hoc-cua-toi-la-linh-danh-thue/3/21.jpg',39,0),(1525,'https://dtcdnyacd.com/nettruyen/ban-hoc-cua-toi-la-linh-danh-thue/3/22.jpg',39,0),(1526,'https://cmnvymn.com/nettruyen/ban-hoc-cua-toi-la-linh-danh-thue/3/23.jpg',39,0),(1527,'https://dtcdnyacd.com/nettruyen/ban-hoc-cua-toi-la-linh-danh-thue/3/24.jpg',39,0),(1528,'https://cmnvymn.com/nettruyen/ban-hoc-cua-toi-la-linh-danh-thue/3/25.jpg',39,0),(1529,'https://dtcdnyacd.com/nettruyen/ban-hoc-cua-toi-la-linh-danh-thue/3/26.jpg',39,0),(1530,'https://cmnvymn.com/nettruyen/ban-hoc-cua-toi-la-linh-danh-thue/3/27.jpg',39,0),(1531,'https://dtcdnyacd.com/nettruyen/ban-hoc-cua-toi-la-linh-danh-thue/3/28.jpg',39,0),(1532,'https://cmnvymn.com/nettruyen/ban-hoc-cua-toi-la-linh-danh-thue/3/29.jpg',39,0),(1533,'https://dtcdnyacd.com/nettruyen/ban-hoc-cua-toi-la-linh-danh-thue/3/30.jpg',39,0),(1534,'https://cmnvymn.com/nettruyen/ban-hoc-cua-toi-la-linh-danh-thue/3/31.jpg',39,0),(1535,'https://dtcdnyacd.com/nettruyen/ban-hoc-cua-toi-la-linh-danh-thue/3/32.jpg',39,0),(1536,'https://cmnvymn.com/nettruyen/ban-hoc-cua-toi-la-linh-danh-thue/3/33.jpg',39,0),(1537,'https://dtcdnyacd.com/nettruyen/ban-hoc-cua-toi-la-linh-danh-thue/3/34.jpg',39,0),(1538,'https://cmnvymn.com/nettruyen/ban-hoc-cua-toi-la-linh-danh-thue/3/35.jpg',39,0),(1539,'https://dtcdnyacd.com/nettruyen/ban-hoc-cua-toi-la-linh-danh-thue/3/36.jpg',39,0),(1540,'https://cmnvymn.com/nettruyen/ban-hoc-cua-toi-la-linh-danh-thue/3/37.jpg',39,0),(1541,'https://dtcdnyacd.com/nettruyen/ban-hoc-cua-toi-la-linh-danh-thue/3/38.jpg',39,0),(1542,'https://cmnvymn.com/nettruyen/ban-hoc-cua-toi-la-linh-danh-thue/3/39.jpg',39,0),(1543,'https://dtcdnyacd.com/nettruyen/ban-hoc-cua-toi-la-linh-danh-thue/3/40.jpg',39,0),(1544,'https://cmnvymn.com/nettruyen/ban-hoc-cua-toi-la-linh-danh-thue/3/41.jpg',39,0),(1545,'https://dtcdnyacd.com/nettruyen/ban-hoc-cua-toi-la-linh-danh-thue/3/42.jpg',39,0),(1546,'https://cmnvymn.com/nettruyen/ban-hoc-cua-toi-la-linh-danh-thue/3/43.jpg',39,0),(1547,'https://dtcdnyacd.com/nettruyen/ban-hoc-cua-toi-la-linh-danh-thue/3/44.jpg',39,0),(1548,'https://cmnvymn.com/nettruyen/ban-hoc-cua-toi-la-linh-danh-thue/3/45.jpg',39,0),(1549,'https://dtcdnyacd.com/nettruyen/ban-hoc-cua-toi-la-linh-danh-thue/3/46.jpg',39,0),(1550,'https://cmnvymn.com/nettruyen/ban-hoc-cua-toi-la-linh-danh-thue/3/47.jpg',39,0),(1551,'https://dtcdnyacd.com/nettruyen/ban-hoc-cua-toi-la-linh-danh-thue/3/48.jpg',39,0),(1552,'https://cmnvymn.com/nettruyen/ban-hoc-cua-toi-la-linh-danh-thue/3/49.jpg',39,0),(1553,'https://dtcdnyacd.com/nettruyen/ban-hoc-cua-toi-la-linh-danh-thue/3/50.jpg',39,0),(1554,'https://cmnvymn.com/nettruyen/ban-hoc-cua-toi-la-linh-danh-thue/3/51.jpg',39,0),(1555,'https://dtcdnyacd.com/nettruyen/ban-hoc-cua-toi-la-linh-danh-thue/3/52.jpg',39,0),(1556,'https://cmnvymn.com/nettruyen/ban-hoc-cua-toi-la-linh-danh-thue/3/53.jpg',39,0),(1557,'https://dtcdnyacd.com/nettruyen/ban-hoc-cua-toi-la-linh-danh-thue/3/54.jpg',39,0),(1558,'https://cmnvymn.com/nettruyen/ban-hoc-cua-toi-la-linh-danh-thue/3/55.jpg',39,0),(1559,'https://dtcdnyacd.com/nettruyen/ban-hoc-cua-toi-la-linh-danh-thue/3/56.jpg',39,0),(1560,'https://cmnvymn.com/nettruyen/ban-hoc-cua-toi-la-linh-danh-thue/3/57.jpg',39,0),(1561,'https://dtcdnyacd.com/nettruyen/ban-hoc-cua-toi-la-linh-danh-thue/3/58.jpg',39,0),(1562,'https://cmnvymn.com/nettruyen/ban-hoc-cua-toi-la-linh-danh-thue/3/59.jpg',39,0),(1563,'https://dtcdnyacd.com/nettruyen/ban-hoc-cua-toi-la-linh-danh-thue/3/60.jpg',39,0),(1564,'https://cmnvymn.com/nettruyen/ban-hoc-cua-toi-la-linh-danh-thue/3/61.jpg',39,0),(1565,'https://dtcdnyacd.com/nettruyen/ban-hoc-cua-toi-la-linh-danh-thue/3/62.jpg',39,0),(1566,'https://cmnvymn.com/nettruyen/ban-hoc-cua-toi-la-linh-danh-thue/3/63.jpg',39,0),(1567,'https://dtcdnyacd.com/nettruyen/ban-hoc-cua-toi-la-linh-danh-thue/3/64.jpg',39,0),(1568,'https://cmnvymn.com/nettruyen/ban-hoc-cua-toi-la-linh-danh-thue/3/65.jpg',39,0),(1569,'https://dtcdnyacd.com/nettruyen/ban-hoc-cua-toi-la-linh-danh-thue/3/66.jpg',39,0),(1570,'https://cmnvymn.com/nettruyen/ban-hoc-cua-toi-la-linh-danh-thue/3/67.jpg',39,0),(1571,'https://dtcdnyacd.com/nettruyen/ban-hoc-cua-toi-la-linh-danh-thue/3/68.jpg',39,0),(1572,'https://cmnvymn.com/nettruyen/ban-hoc-cua-toi-la-linh-danh-thue/3/69.jpg',39,0),(1573,'https://dtcdnyacd.com/nettruyen/ban-hoc-cua-toi-la-linh-danh-thue/3/70.jpg',39,0),(1574,'https://cmnvymn.com/nettruyen/ban-hoc-cua-toi-la-linh-danh-thue/3/71.jpg',39,0),(1575,'https://dtcdnyacd.com/nettruyen/ban-hoc-cua-toi-la-linh-danh-thue/3/72.jpg',39,0),(1576,'https://cmnvymn.com/nettruyen/ban-hoc-cua-toi-la-linh-danh-thue/3/73.jpg',39,0),(1577,'https://dtcdnyacd.com/nettruyen/ban-hoc-cua-toi-la-linh-danh-thue/3/74.jpg',39,0),(1578,'https://cmnvymn.com/nettruyen/ban-hoc-cua-toi-la-linh-danh-thue/3/75.jpg',39,0),(1579,'https://dtcdnyacd.com/nettruyen/ban-hoc-cua-toi-la-linh-danh-thue/3/76.jpg',39,0),(1580,'https://cmnvymn.com/nettruyen/ban-hoc-cua-toi-la-linh-danh-thue/3/77.jpg',39,0),(1581,'https://dtcdnyacd.com/nettruyen/ban-hoc-cua-toi-la-linh-danh-thue/3/78.jpg',39,0),(1582,'https://cmnvymn.com/nettruyen/ban-hoc-cua-toi-la-linh-danh-thue/3/79.jpg',39,0),(1583,'https://dtcdnyacd.com/nettruyen/ban-hoc-cua-toi-la-linh-danh-thue/3/80.jpg',39,0),(1584,'https://cmnvymn.com/nettruyen/ban-hoc-cua-toi-la-linh-danh-thue/3/81.jpg',39,0),(1585,'https://dtcdnyacd.com/nettruyen/ban-hoc-cua-toi-la-linh-danh-thue/3/82.jpg',39,0),(1586,'https://cmnvymn.com/nettruyen/ban-hoc-cua-toi-la-linh-danh-thue/3/83.jpg',39,0),(1587,'https://dtcdnyacd.com/nettruyen/ban-hoc-cua-toi-la-linh-danh-thue/3/84.jpg',39,0),(1588,'https://cmnvymn.com/nettruyen/ban-hoc-cua-toi-la-linh-danh-thue/3/85.jpg',39,0),(1589,'https://dtcdnyacd.com/nettruyen/ban-hoc-cua-toi-la-linh-danh-thue/3/86.jpg',39,0),(1590,'https://cmnvymn.com/nettruyen/ban-hoc-cua-toi-la-linh-danh-thue/3/87.jpg',39,0),(1591,'https://dtcdnyacd.com/nettruyen/ban-hoc-cua-toi-la-linh-danh-thue/3/88.jpg',39,0),(1592,'https://cmnvymn.com/nettruyen/ban-hoc-cua-toi-la-linh-danh-thue/3/89.jpg',39,0),(1593,'https://dtcdnyacd.com/nettruyen/ban-hoc-cua-toi-la-linh-danh-thue/3/90.jpg',39,0),(1594,'https://cmnvymn.com/nettruyen/ban-hoc-cua-toi-la-linh-danh-thue/3/91.jpg',39,0),(1595,'https://dtcdnyacd.com/nettruyen/ban-hoc-cua-toi-la-linh-danh-thue/3/92.jpg',39,0),(1596,'https://cmnvymn.com/nettruyen/ban-hoc-cua-toi-la-linh-danh-thue/3/93.jpg',39,0),(1597,'https://dtcdnyacd.com/nettruyen/ban-hoc-cua-toi-la-linh-danh-thue/3/94.jpg',39,0),(1598,'https://cmnvymn.com/nettruyen/ban-hoc-cua-toi-la-linh-danh-thue/3/95.jpg',39,0),(1599,'https://dtcdnyacd.com/nettruyen/ban-hoc-cua-toi-la-linh-danh-thue/3/96.jpg',39,0),(1600,'https://cmnvymn.com/nettruyen/ban-hoc-cua-toi-la-linh-danh-thue/3/97.jpg',39,0),(1601,'https://dtcdnyacd.com/nettruyen/ban-hoc-cua-toi-la-linh-danh-thue/3/98.jpg',39,0),(1602,'https://cmnvymn.com/nettruyen/ban-hoc-cua-toi-la-linh-danh-thue/3/99.jpg',39,0),(1603,'https://dtcdnyacd.com/nettruyen/ban-hoc-cua-toi-la-linh-danh-thue/3/100.jpg',39,0),(1604,'https://cmnvymn.com/nettruyen/ban-hoc-cua-toi-la-linh-danh-thue/3/101.jpg',39,0),(1605,'https://dtcdnyacd.com/nettruyen/ban-hoc-cua-toi-la-linh-danh-thue/3/102.jpg',39,0),(1606,'https://cmnvymn.com/nettruyen/ban-hoc-cua-toi-la-linh-danh-thue/3/103.jpg',39,0),(1607,'https://dtcdnyacd.com/nettruyen/ban-hoc-cua-toi-la-linh-danh-thue/3/104.jpg',39,0),(1608,'https://cmnvymn.com/nettruyen/ban-hoc-cua-toi-la-linh-danh-thue/3/105.jpg',39,0),(1609,'https://dtcdnyacd.com/nettruyen/ban-hoc-cua-toi-la-linh-danh-thue/3/106.jpg',39,0),(1610,'https://cmnvymn.com/nettruyen/ban-hoc-cua-toi-la-linh-danh-thue/3/107.jpg',39,0),(1611,'https://dtcdnyacd.com/nettruyen/ban-hoc-cua-toi-la-linh-danh-thue/3/108.jpg',39,0),(1612,'https://cmnvymn.com/nettruyen/ban-hoc-cua-toi-la-linh-danh-thue/3/109.jpg',39,0),(1613,'https://dtcdnyacd.com/nettruyen/ban-hoc-cua-toi-la-linh-danh-thue/3/110.jpg',39,0),(1614,'https://cmnvymn.com/nettruyen/ban-hoc-cua-toi-la-linh-danh-thue/3/111.jpg',39,0),(1615,'https://dtcdnyacd.com/nettruyen/ban-hoc-cua-toi-la-linh-danh-thue/3/112.jpg',39,0),(1616,'https://cmnvymn.com/nettruyen/ban-hoc-cua-toi-la-linh-danh-thue/3/113.jpg',39,0),(1617,'https://dtcdnyacd.com/nettruyen/ban-hoc-cua-toi-la-linh-danh-thue/3/114.jpg',39,0),(1618,'https://cmnvymn.com/nettruyen/ban-hoc-cua-toi-la-linh-danh-thue/3/115.jpg',39,0),(1619,'https://dtcdnyacd.com/nettruyen/ban-hoc-cua-toi-la-linh-danh-thue/3/116.jpg',39,0),(1620,'https://cmnvymn.com/nettruyen/ban-hoc-cua-toi-la-linh-danh-thue/3/117.jpg',39,0),(1621,'https://dtcdnyacd.com/nettruyen/ban-hoc-cua-toi-la-linh-danh-thue/3/118.jpg',39,0),(1622,'https://cmnvymn.com/nettruyen/ban-hoc-cua-toi-la-linh-danh-thue/3/119.jpg',39,0),(1623,'https://dtcdnyacd.com/nettruyen/ban-hoc-cua-toi-la-linh-danh-thue/3/120.jpg',39,0),(1624,'https://cmnvymn.com/nettruyen/ban-hoc-cua-toi-la-linh-danh-thue/3/121.jpg',39,0),(1625,'https://dtcdnyacd.com/nettruyen/ban-hoc-cua-toi-la-linh-danh-thue/3/122.jpg',39,0),(1626,'https://cmnvymn.com/nettruyen/ban-hoc-cua-toi-la-linh-danh-thue/3/123.jpg',39,0),(1627,'https://dtcdnyacd.com/nettruyen/ban-hoc-cua-toi-la-linh-danh-thue/3/124.jpg',39,0),(1628,'https://cmnvymn.com/nettruyen/ban-hoc-cua-toi-la-linh-danh-thue/3/125.jpg',39,0),(1629,'https://dtcdnyacd.com/nettruyen/ban-hoc-cua-toi-la-linh-danh-thue/3/126.jpg',39,0),(1630,'https://cmnvymn.com/nettruyen/ban-hoc-cua-toi-la-linh-danh-thue/3/127.jpg',39,0),(1631,'https://dtcdnyacd.com/nettruyen/ban-hoc-cua-toi-la-linh-danh-thue/3/128.jpg',39,0),(1632,'https://cmnvymn.com/nettruyen/ban-hoc-cua-toi-la-linh-danh-thue/3/129.jpg',39,0),(1633,'https://dtcdnyacd.com/nettruyen/ban-hoc-cua-toi-la-linh-danh-thue/3/130.jpg',39,0),(1634,'https://cmnvymn.com/nettruyen/ban-hoc-cua-toi-la-linh-danh-thue/3/131.jpg',39,0),(1635,'https://dtcdnyacd.com/nettruyen/ban-hoc-cua-toi-la-linh-danh-thue/3/132.jpg',39,0),(1636,'https://cmnvymn.com/nettruyen/ban-hoc-cua-toi-la-linh-danh-thue/3/133.jpg',39,0),(1637,'https://dtcdnyacd.com/nettruyen/ban-hoc-cua-toi-la-linh-danh-thue/3/134.jpg',39,0),(1638,'https://cmnvymn.com/nettruyen/ban-hoc-cua-toi-la-linh-danh-thue/3/135.jpg',39,0),(1639,'https://dtcdnyacd.com/nettruyen/tinh-yeu-tuoi-tre/1/0.jpg',40,0),(1640,'https://cmnvymn.com/nettruyen/tinh-yeu-tuoi-tre/1/1.jpg',40,0),(1641,'https://dtcdnyacd.com/nettruyen/tinh-yeu-tuoi-tre/1/2.jpg',40,0),(1642,'https://cmnvymn.com/nettruyen/tinh-yeu-tuoi-tre/1/3.jpg',40,0),(1643,'https://dtcdnyacd.com/nettruyen/tinh-yeu-tuoi-tre/1/4.jpg',40,0),(1644,'https://cmnvymn.com/nettruyen/tinh-yeu-tuoi-tre/1/5.jpg',40,0),(1645,'https://dtcdnyacd.com/nettruyen/tinh-yeu-tuoi-tre/1/6.jpg',40,0),(1646,'https://cmnvymn.com/nettruyen/tinh-yeu-tuoi-tre/1/7.jpg',40,0),(1647,'https://dtcdnyacd.com/nettruyen/tinh-yeu-tuoi-tre/1/8.jpg',40,0),(1648,'https://cmnvymn.com/nettruyen/tinh-yeu-tuoi-tre/1/9.jpg',40,0),(1649,'https://dtcdnyacd.com/nettruyen/tinh-yeu-tuoi-tre/1/10.jpg',40,0),(1650,'https://cmnvymn.com/nettruyen/tinh-yeu-tuoi-tre/1/11.jpg',40,0),(1651,'https://dtcdnyacd.com/nettruyen/tinh-yeu-tuoi-tre/1/12.jpg',40,0),(1652,'https://cmnvymn.com/nettruyen/tinh-yeu-tuoi-tre/1/13.jpg',40,0),(1653,'https://dtcdnyacd.com/nettruyen/tinh-yeu-tuoi-tre/1/14.jpg',40,0),(1654,'https://cmnvymn.com/nettruyen/tinh-yeu-tuoi-tre/1/15.jpg',40,0),(1655,'https://dtcdnyacd.com/nettruyen/tinh-yeu-tuoi-tre/1/16.jpg',40,0),(1656,'https://cmnvymn.com/nettruyen/tinh-yeu-tuoi-tre/1/17.jpg',40,0),(1657,'https://dtcdnyacd.com/nettruyen/tinh-yeu-tuoi-tre/1/18.jpg',40,0),(1658,'https://cmnvymn.com/nettruyen/tinh-yeu-tuoi-tre/1/19.jpg',40,0),(1659,'https://dtcdnyacd.com/nettruyen/tinh-yeu-tuoi-tre/1/20.jpg',40,0),(1660,'https://cmnvymn.com/nettruyen/tinh-yeu-tuoi-tre/1/21.jpg',40,0),(1661,'https://dtcdnyacd.com/nettruyen/tinh-yeu-tuoi-tre/1/22.jpg',40,0),(1662,'https://cmnvymn.com/nettruyen/tinh-yeu-tuoi-tre/1/23.jpg',40,0),(1663,'https://dtcdnyacd.com/nettruyen/tinh-yeu-tuoi-tre/1/24.jpg',40,0),(1664,'https://cmnvymn.com/nettruyen/tinh-yeu-tuoi-tre/1/25.jpg',40,0),(1665,'https://dtcdnyacd.com/nettruyen/tinh-yeu-tuoi-tre/1/26.jpg',40,0),(1666,'https://cmnvymn.com/nettruyen/tinh-yeu-tuoi-tre/1/27.jpg',40,0),(1667,'https://dtcdnyacd.com/nettruyen/tinh-yeu-tuoi-tre/1/28.jpg',40,0),(1668,'https://cmnvymn.com/nettruyen/tinh-yeu-tuoi-tre/1/29.jpg',40,0),(1669,'https://dtcdnyacd.com/nettruyen/tinh-yeu-tuoi-tre/1/30.jpg',40,0),(1670,'https://cmnvymn.com/nettruyen/tinh-yeu-tuoi-tre/1/31.jpg',40,0),(1671,'https://dtcdnyacd.com/nettruyen/tinh-yeu-tuoi-tre/1/32.jpg',40,0),(1672,'https://cmnvymn.com/nettruyen/tinh-yeu-tuoi-tre/1/33.jpg',40,0),(1673,'https://dtcdnyacd.com/nettruyen/tinh-yeu-tuoi-tre/1/34.jpg',40,0),(1674,'https://cmnvymn.com/nettruyen/tinh-yeu-tuoi-tre/1/35.jpg',40,0),(1675,'https://dtcdnyacd.com/nettruyen/tinh-yeu-tuoi-tre/1/36.jpg',40,0),(1676,'https://cmnvymn.com/nettruyen/tinh-yeu-tuoi-tre/1/37.jpg',40,0),(1677,'https://dtcdnyacd.com/nettruyen/tinh-yeu-tuoi-tre/1/38.jpg',40,0),(1678,'https://cmnvymn.com/nettruyen/tinh-yeu-tuoi-tre/1/39.jpg',40,0),(1679,'https://dtcdnyacd.com/nettruyen/tinh-yeu-tuoi-tre/1/40.jpg',40,0),(1680,'https://cmnvymn.com/nettruyen/tinh-yeu-tuoi-tre/1/41.jpg',40,0),(1681,'https://dtcdnyacd.com/nettruyen/tinh-yeu-tuoi-tre/1/42.jpg',40,0),(1682,'https://cmnvymn.com/nettruyen/tinh-yeu-tuoi-tre/1/43.jpg',40,0),(1683,'https://dtcdnyacd.com/nettruyen/tinh-yeu-tuoi-tre/2/0.jpg',41,0),(1684,'https://cmnvymn.com/nettruyen/tinh-yeu-tuoi-tre/2/1.jpg',41,0),(1685,'https://dtcdnyacd.com/nettruyen/tinh-yeu-tuoi-tre/2/2.jpg',41,0),(1686,'https://cmnvymn.com/nettruyen/tinh-yeu-tuoi-tre/2/3.jpg',41,0),(1687,'https://dtcdnyacd.com/nettruyen/tinh-yeu-tuoi-tre/2/4.jpg',41,0),(1688,'https://cmnvymn.com/nettruyen/tinh-yeu-tuoi-tre/2/5.jpg',41,0),(1689,'https://dtcdnyacd.com/nettruyen/tinh-yeu-tuoi-tre/2/6.jpg',41,0),(1690,'https://cmnvymn.com/nettruyen/tinh-yeu-tuoi-tre/2/7.jpg',41,0),(1691,'https://dtcdnyacd.com/nettruyen/tinh-yeu-tuoi-tre/2/8.jpg',41,0),(1692,'https://cmnvymn.com/nettruyen/tinh-yeu-tuoi-tre/2/9.jpg',41,0),(1693,'https://dtcdnyacd.com/nettruyen/tinh-yeu-tuoi-tre/2/10.jpg',41,0),(1694,'https://cmnvymn.com/nettruyen/tinh-yeu-tuoi-tre/2/11.jpg',41,0),(1695,'https://dtcdnyacd.com/nettruyen/tinh-yeu-tuoi-tre/2/12.jpg',41,0),(1696,'https://cmnvymn.com/nettruyen/tinh-yeu-tuoi-tre/2/13.jpg',41,0),(1697,'https://dtcdnyacd.com/nettruyen/tinh-yeu-tuoi-tre/2/14.jpg',41,0),(1698,'https://cmnvymn.com/nettruyen/tinh-yeu-tuoi-tre/2/15.jpg',41,0),(1699,'https://dtcdnyacd.com/nettruyen/tinh-yeu-tuoi-tre/2/16.jpg',41,0),(1700,'https://cmnvymn.com/nettruyen/tinh-yeu-tuoi-tre/2/17.jpg',41,0),(1701,'https://dtcdnyacd.com/nettruyen/tinh-yeu-tuoi-tre/2/18.jpg',41,0),(1702,'https://cmnvymn.com/nettruyen/tinh-yeu-tuoi-tre/2/19.jpg',41,0),(1703,'https://dtcdnyacd.com/nettruyen/tinh-yeu-tuoi-tre/2/20.jpg',41,0),(1704,'https://cmnvymn.com/nettruyen/tinh-yeu-tuoi-tre/2/21.jpg',41,0),(1705,'https://dtcdnyacd.com/nettruyen/tinh-yeu-tuoi-tre/2/22.jpg',41,0),(1706,'https://cmnvymn.com/nettruyen/tinh-yeu-tuoi-tre/2/23.jpg',41,0),(1707,'https://dtcdnyacd.com/nettruyen/tinh-yeu-tuoi-tre/2/24.jpg',41,0),(1708,'https://cmnvymn.com/nettruyen/tinh-yeu-tuoi-tre/2/25.jpg',41,0),(1709,'https://dtcdnyacd.com/nettruyen/tinh-yeu-tuoi-tre/2/26.jpg',41,0),(1710,'https://cmnvymn.com/nettruyen/tinh-yeu-tuoi-tre/2/27.jpg',41,0),(1711,'https://dtcdnyacd.com/nettruyen/tinh-yeu-tuoi-tre/2/28.jpg',41,0),(1712,'https://cmnvymn.com/nettruyen/tinh-yeu-tuoi-tre/2/29.jpg',41,0),(1713,'https://dtcdnyacd.com/nettruyen/tinh-yeu-tuoi-tre/2/30.jpg',41,0),(1714,'https://cmnvymn.com/nettruyen/tinh-yeu-tuoi-tre/2/31.jpg',41,0),(1715,'https://dtcdnyacd.com/nettruyen/tinh-yeu-tuoi-tre/2/32.jpg',41,0),(1716,'https://cmnvymn.com/nettruyen/tinh-yeu-tuoi-tre/2/33.jpg',41,0),(1717,'https://dtcdnyacd.com/nettruyen/tinh-yeu-tuoi-tre/2/34.jpg',41,0),(1718,'https://cmnvymn.com/nettruyen/tinh-yeu-tuoi-tre/2/35.jpg',41,0),(1719,'https://dtcdnyacd.com/nettruyen/tinh-yeu-tuoi-tre/2/36.jpg',41,0),(1720,'https://cmnvymn.com/nettruyen/tinh-yeu-tuoi-tre/2/37.jpg',41,0),(1721,'https://dtcdnyacd.com/nettruyen/tinh-yeu-tuoi-tre/2/38.jpg',41,0),(1722,'https://cmnvymn.com/nettruyen/tinh-yeu-tuoi-tre/2/39.jpg',41,0),(1723,'https://dtcdnyacd.com/nettruyen/tinh-yeu-tuoi-tre/2/40.jpg',41,0),(1724,'https://cmnvymn.com/nettruyen/tinh-yeu-tuoi-tre/2/41.jpg',41,0),(1725,'https://dtcdnyacd.com/nettruyen/tinh-yeu-tuoi-tre/2/42.jpg',41,0),(1726,'https://cmnvymn.com/nettruyen/tinh-yeu-tuoi-tre/2/43.jpg',41,0),(1727,'https://dtcdnyacd.com/nettruyen/tinh-yeu-tuoi-tre/2/44.jpg',41,0),(1728,'https://cmnvymn.com/nettruyen/tinh-yeu-tuoi-tre/2/45.jpg',41,0),(1729,'https://dtcdnyacd.com/nettruyen/tinh-yeu-tuoi-tre/2/46.jpg',41,0),(1730,'https://cmnvymn.com/nettruyen/tinh-yeu-tuoi-tre/2/47.jpg',41,0),(1731,'https://dtcdnyacd.com/nettruyen/tinh-yeu-tuoi-tre/2/48.jpg',41,0),(1732,'https://cmnvymn.com/nettruyen/tinh-yeu-tuoi-tre/2/49.jpg',41,0),(1733,'https://dtcdnyacd.com/nettruyen/tinh-yeu-tuoi-tre/2/50.jpg',41,0),(1734,'https://cmnvymn.com/nettruyen/tinh-yeu-tuoi-tre/2/51.jpg',41,0),(1735,'https://dtcdnyacd.com/nettruyen/tinh-yeu-tuoi-tre/2/52.jpg',41,0),(1736,'https://dtcdnyacd.com/nettruyen/tinh-yeu-tuoi-tre/3/0.jpg',42,0),(1737,'https://cmnvymn.com/nettruyen/tinh-yeu-tuoi-tre/3/1.jpg',42,0),(1738,'https://dtcdnyacd.com/nettruyen/tinh-yeu-tuoi-tre/3/2.jpg',42,0),(1739,'https://cmnvymn.com/nettruyen/tinh-yeu-tuoi-tre/3/3.jpg',42,0),(1740,'https://dtcdnyacd.com/nettruyen/tinh-yeu-tuoi-tre/3/4.jpg',42,0),(1741,'https://cmnvymn.com/nettruyen/tinh-yeu-tuoi-tre/3/5.jpg',42,0),(1742,'https://dtcdnyacd.com/nettruyen/tinh-yeu-tuoi-tre/3/6.jpg',42,0),(1743,'https://cmnvymn.com/nettruyen/tinh-yeu-tuoi-tre/3/7.jpg',42,0),(1744,'https://dtcdnyacd.com/nettruyen/tinh-yeu-tuoi-tre/3/8.jpg',42,0),(1745,'https://cmnvymn.com/nettruyen/tinh-yeu-tuoi-tre/3/9.jpg',42,0),(1746,'https://dtcdnyacd.com/nettruyen/tinh-yeu-tuoi-tre/3/10.jpg',42,0),(1747,'https://cmnvymn.com/nettruyen/tinh-yeu-tuoi-tre/3/11.jpg',42,0),(1748,'https://dtcdnyacd.com/nettruyen/tinh-yeu-tuoi-tre/3/12.jpg',42,0),(1749,'https://cmnvymn.com/nettruyen/tinh-yeu-tuoi-tre/3/13.jpg',42,0),(1750,'https://dtcdnyacd.com/nettruyen/tinh-yeu-tuoi-tre/3/14.jpg',42,0),(1751,'https://cmnvymn.com/nettruyen/tinh-yeu-tuoi-tre/3/15.jpg',42,0),(1752,'https://dtcdnyacd.com/nettruyen/tinh-yeu-tuoi-tre/3/16.jpg',42,0),(1753,'https://cmnvymn.com/nettruyen/tinh-yeu-tuoi-tre/3/17.jpg',42,0),(1754,'https://dtcdnyacd.com/nettruyen/tinh-yeu-tuoi-tre/3/18.jpg',42,0),(1755,'https://cmnvymn.com/nettruyen/tinh-yeu-tuoi-tre/3/19.jpg',42,0),(1756,'https://dtcdnyacd.com/nettruyen/tinh-yeu-tuoi-tre/3/20.jpg',42,0),(1757,'https://cmnvymn.com/nettruyen/tinh-yeu-tuoi-tre/3/21.jpg',42,0),(1758,'https://dtcdnyacd.com/nettruyen/tinh-yeu-tuoi-tre/3/22.jpg',42,0),(1759,'https://cmnvymn.com/nettruyen/tinh-yeu-tuoi-tre/3/23.jpg',42,0),(1760,'https://dtcdnyacd.com/nettruyen/tinh-yeu-tuoi-tre/3/24.jpg',42,0),(1761,'https://cmnvymn.com/nettruyen/tinh-yeu-tuoi-tre/3/25.jpg',42,0),(1762,'https://dtcdnyacd.com/nettruyen/tinh-yeu-tuoi-tre/3/26.jpg',42,0),(1763,'https://cmnvymn.com/nettruyen/tinh-yeu-tuoi-tre/3/27.jpg',42,0),(1764,'https://dtcdnyacd.com/nettruyen/tinh-yeu-tuoi-tre/3/28.jpg',42,0),(1765,'https://cmnvymn.com/nettruyen/tinh-yeu-tuoi-tre/3/29.jpg',42,0),(1766,'https://dtcdnyacd.com/nettruyen/tinh-yeu-tuoi-tre/3/30.jpg',42,0),(1767,'https://cmnvymn.com/nettruyen/tinh-yeu-tuoi-tre/3/31.jpg',42,0),(1768,'https://dtcdnyacd.com/nettruyen/tinh-yeu-tuoi-tre/3/32.jpg',42,0),(1769,'https://cmnvymn.com/nettruyen/tinh-yeu-tuoi-tre/3/33.jpg',42,0),(1770,'https://dtcdnyacd.com/nettruyen/tinh-yeu-tuoi-tre/3/34.jpg',42,0),(1771,'https://cmnvymn.com/nettruyen/tinh-yeu-tuoi-tre/3/35.jpg',42,0),(1772,'https://dtcdnyacd.com/nettruyen/tinh-yeu-tuoi-tre/3/36.jpg',42,0),(1773,'https://cmnvymn.com/nettruyen/tinh-yeu-tuoi-tre/3/37.jpg',42,0),(1774,'https://dtcdnyacd.com/nettruyen/tinh-yeu-tuoi-tre/3/38.jpg',42,0),(1775,'https://cmnvymn.com/nettruyen/tinh-yeu-tuoi-tre/3/39.jpg',42,0),(1776,'https://dtcdnyacd.com/nettruyen/tinh-yeu-tuoi-tre/3/40.jpg',42,0),(1777,'https://cmnvymn.com/nettruyen/tinh-yeu-tuoi-tre/3/41.jpg',42,0),(1778,'https://dtcdnyacd.com/nettruyen/tinh-yeu-tuoi-tre/3/42.jpg',42,0),(1779,'https://cmnvymn.com/nettruyen/tinh-yeu-tuoi-tre/3/43.jpg',42,0),(1780,'https://dtcdnyacd.com/nettruyen/tinh-yeu-tuoi-tre/3/44.jpg',42,0),(1781,'https://cmnvymn.com/nettruyen/tinh-yeu-tuoi-tre/3/45.jpg',42,0),(1782,'https://dtcdnyacd.com/nettruyen/tinh-yeu-tuoi-tre/3/46.jpg',42,0),(1783,'https://cmnvymn.com/nettruyen/tinh-yeu-tuoi-tre/3/47.jpg',42,0),(1784,'https://dtcdnyacd.com/nettruyen/hoc-vien-cao-thu/1/0.jpg',43,0),(1785,'https://cmnvymn.com/nettruyen/hoc-vien-cao-thu/1/1.jpg',43,0),(1786,'https://dtcdnyacd.com/nettruyen/hoc-vien-cao-thu/1/2.jpg',43,0),(1787,'https://cmnvymn.com/nettruyen/hoc-vien-cao-thu/1/3.jpg',43,0),(1788,'https://dtcdnyacd.com/nettruyen/hoc-vien-cao-thu/1/4.jpg',43,0),(1789,'https://cmnvymn.com/nettruyen/hoc-vien-cao-thu/1/5.jpg',43,0),(1790,'https://dtcdnyacd.com/nettruyen/hoc-vien-cao-thu/1/6.jpg',43,0),(1791,'https://cmnvymn.com/nettruyen/hoc-vien-cao-thu/1/7.jpg',43,0),(1792,'https://dtcdnyacd.com/nettruyen/hoc-vien-cao-thu/1/8.jpg',43,0),(1793,'https://cmnvymn.com/nettruyen/hoc-vien-cao-thu/1/9.jpg',43,0),(1794,'https://dtcdnyacd.com/nettruyen/hoc-vien-cao-thu/1/10.jpg',43,0),(1795,'https://cmnvymn.com/nettruyen/hoc-vien-cao-thu/1/11.jpg',43,0),(1796,'https://dtcdnyacd.com/nettruyen/hoc-vien-cao-thu/1/12.jpg',43,0),(1797,'https://cmnvymn.com/nettruyen/hoc-vien-cao-thu/1/13.jpg',43,0),(1798,'https://dtcdnyacd.com/nettruyen/hoc-vien-cao-thu/1/14.jpg',43,0),(1799,'https://cmnvymn.com/nettruyen/hoc-vien-cao-thu/1/15.jpg',43,0),(1800,'https://dtcdnyacd.com/nettruyen/hoc-vien-cao-thu/1/16.jpg',43,0),(1801,'https://cmnvymn.com/nettruyen/hoc-vien-cao-thu/1/17.jpg',43,0),(1802,'https://dtcdnyacd.com/nettruyen/hoc-vien-cao-thu/1/18.jpg',43,0),(1803,'https://cmnvymn.com/nettruyen/hoc-vien-cao-thu/1/19.jpg',43,0),(1804,'https://dtcdnyacd.com/nettruyen/hoc-vien-cao-thu/1/20.jpg',43,0),(1805,'https://cmnvymn.com/nettruyen/hoc-vien-cao-thu/1/21.jpg',43,0),(1806,'https://dtcdnyacd.com/nettruyen/hoc-vien-cao-thu/2/0.jpg',44,0),(1807,'https://cmnvymn.com/nettruyen/hoc-vien-cao-thu/2/1.jpg',44,0),(1808,'https://dtcdnyacd.com/nettruyen/hoc-vien-cao-thu/2/2.jpg',44,0),(1809,'https://cmnvymn.com/nettruyen/hoc-vien-cao-thu/2/3.jpg',44,0),(1810,'https://dtcdnyacd.com/nettruyen/hoc-vien-cao-thu/2/4.jpg',44,0),(1811,'https://cmnvymn.com/nettruyen/hoc-vien-cao-thu/2/5.jpg',44,0),(1812,'https://dtcdnyacd.com/nettruyen/hoc-vien-cao-thu/2/6.jpg',44,0),(1813,'https://cmnvymn.com/nettruyen/hoc-vien-cao-thu/2/7.jpg',44,0),(1814,'https://dtcdnyacd.com/nettruyen/hoc-vien-cao-thu/2/8.jpg',44,0),(1815,'https://cmnvymn.com/nettruyen/hoc-vien-cao-thu/2/9.jpg',44,0),(1816,'https://dtcdnyacd.com/nettruyen/hoc-vien-cao-thu/2/10.jpg',44,0),(1817,'https://cmnvymn.com/nettruyen/hoc-vien-cao-thu/2/11.jpg',44,0),(1818,'https://dtcdnyacd.com/nettruyen/hoc-vien-cao-thu/2/12.jpg',44,0),(1819,'https://cmnvymn.com/nettruyen/hoc-vien-cao-thu/2/13.jpg',44,0),(1820,'https://dtcdnyacd.com/nettruyen/hoc-vien-cao-thu/2/14.jpg',44,0),(1821,'https://cmnvymn.com/nettruyen/hoc-vien-cao-thu/2/15.jpg',44,0),(1822,'https://dtcdnyacd.com/nettruyen/hoc-vien-cao-thu/2/16.jpg',44,0),(1823,'https://cmnvymn.com/nettruyen/hoc-vien-cao-thu/2/17.jpg',44,0),(1824,'https://dtcdnyacd.com/nettruyen/hoc-vien-cao-thu/2/18.jpg',44,0),(1825,'https://cmnvymn.com/nettruyen/hoc-vien-cao-thu/2/19.jpg',44,0),(1826,'https://dtcdnyacd.com/nettruyen/hoc-vien-cao-thu/2/20.jpg',44,0),(1827,'https://cmnvymn.com/nettruyen/hoc-vien-cao-thu/2/21.jpg',44,0),(1828,'https://dtcdnyacd.com/nettruyen/hoc-vien-cao-thu/2/22.jpg',44,0),(1829,'https://dtcdnyacd.com/nettruyen/hoc-vien-cao-thu/3/0.jpg',45,0),(1830,'https://cmnvymn.com/nettruyen/hoc-vien-cao-thu/3/1.jpg',45,0),(1831,'https://dtcdnyacd.com/nettruyen/hoc-vien-cao-thu/3/2.jpg',45,0),(1832,'https://cmnvymn.com/nettruyen/hoc-vien-cao-thu/3/3.jpg',45,0),(1833,'https://dtcdnyacd.com/nettruyen/hoc-vien-cao-thu/3/4.jpg',45,0),(1834,'https://cmnvymn.com/nettruyen/hoc-vien-cao-thu/3/5.jpg',45,0),(1835,'https://dtcdnyacd.com/nettruyen/hoc-vien-cao-thu/3/6.jpg',45,0),(1836,'https://cmnvymn.com/nettruyen/hoc-vien-cao-thu/3/7.jpg',45,0),(1837,'https://dtcdnyacd.com/nettruyen/hoc-vien-cao-thu/3/8.jpg',45,0),(1838,'https://cmnvymn.com/nettruyen/hoc-vien-cao-thu/3/9.jpg',45,0),(1839,'https://dtcdnyacd.com/nettruyen/hoc-vien-cao-thu/3/10.jpg',45,0),(1840,'https://cmnvymn.com/nettruyen/hoc-vien-cao-thu/3/11.jpg',45,0),(1841,'https://dtcdnyacd.com/nettruyen/hoc-vien-cao-thu/3/12.jpg',45,0),(1842,'https://cmnvymn.com/nettruyen/hoc-vien-cao-thu/3/13.jpg',45,0),(1843,'https://dtcdnyacd.com/nettruyen/hoc-vien-cao-thu/3/14.jpg',45,0),(1844,'https://cmnvymn.com/nettruyen/hoc-vien-cao-thu/3/15.jpg',45,0),(1845,'https://dtcdnyacd.com/nettruyen/su-tra-thu-cua-nu-vuong/1/0.jpg',46,0),(1846,'https://cmnvymn.com/nettruyen/su-tra-thu-cua-nu-vuong/1/1.jpg',46,0),(1847,'https://dtcdnyacd.com/nettruyen/su-tra-thu-cua-nu-vuong/1/2.jpg',46,0),(1848,'https://cmnvymn.com/nettruyen/su-tra-thu-cua-nu-vuong/1/3.jpg',46,0),(1849,'https://dtcdnyacd.com/nettruyen/su-tra-thu-cua-nu-vuong/1/4.jpg',46,0),(1850,'https://cmnvymn.com/nettruyen/su-tra-thu-cua-nu-vuong/1/5.jpg',46,0),(1851,'https://dtcdnyacd.com/nettruyen/su-tra-thu-cua-nu-vuong/1/6.jpg',46,0),(1852,'https://cmnvymn.com/nettruyen/su-tra-thu-cua-nu-vuong/1/7.jpg',46,0),(1853,'https://dtcdnyacd.com/nettruyen/su-tra-thu-cua-nu-vuong/1/8.jpg',46,0),(1854,'https://cmnvymn.com/nettruyen/su-tra-thu-cua-nu-vuong/1/9.jpg',46,0),(1855,'https://dtcdnyacd.com/nettruyen/su-tra-thu-cua-nu-vuong/1/10.jpg',46,0),(1856,'https://cmnvymn.com/nettruyen/su-tra-thu-cua-nu-vuong/1/11.jpg',46,0),(1857,'https://dtcdnyacd.com/nettruyen/su-tra-thu-cua-nu-vuong/1/12.jpg',46,0),(1858,'https://cmnvymn.com/nettruyen/su-tra-thu-cua-nu-vuong/1/13.jpg',46,0),(1859,'https://dtcdnyacd.com/nettruyen/su-tra-thu-cua-nu-vuong/1/14.jpg',46,0),(1860,'https://cmnvymn.com/nettruyen/su-tra-thu-cua-nu-vuong/1/15.jpg',46,0),(1861,'https://dtcdnyacd.com/nettruyen/su-tra-thu-cua-nu-vuong/1/16.jpg',46,0),(1862,'https://cmnvymn.com/nettruyen/su-tra-thu-cua-nu-vuong/1/17.jpg',46,0),(1863,'https://dtcdnyacd.com/nettruyen/su-tra-thu-cua-nu-vuong/1/18.jpg',46,0),(1864,'https://dtcdnyacd.com/nettruyen/su-tra-thu-cua-nu-vuong/2/0.jpg',47,0),(1865,'https://cmnvymn.com/nettruyen/su-tra-thu-cua-nu-vuong/2/1.jpg',47,0),(1866,'https://dtcdnyacd.com/nettruyen/su-tra-thu-cua-nu-vuong/2/2.jpg',47,0),(1867,'https://cmnvymn.com/nettruyen/su-tra-thu-cua-nu-vuong/2/3.jpg',47,0),(1868,'https://dtcdnyacd.com/nettruyen/su-tra-thu-cua-nu-vuong/2/4.jpg',47,0),(1869,'https://cmnvymn.com/nettruyen/su-tra-thu-cua-nu-vuong/2/5.jpg',47,0),(1870,'https://dtcdnyacd.com/nettruyen/su-tra-thu-cua-nu-vuong/2/6.jpg',47,0),(1871,'https://cmnvymn.com/nettruyen/su-tra-thu-cua-nu-vuong/2/7.jpg',47,0),(1872,'https://dtcdnyacd.com/nettruyen/su-tra-thu-cua-nu-vuong/2/8.jpg',47,0),(1873,'https://cmnvymn.com/nettruyen/su-tra-thu-cua-nu-vuong/2/9.jpg',47,0),(1874,'https://dtcdnyacd.com/nettruyen/su-tra-thu-cua-nu-vuong/2/10.jpg',47,0),(1875,'https://cmnvymn.com/nettruyen/su-tra-thu-cua-nu-vuong/2/11.jpg',47,0),(1876,'https://dtcdnyacd.com/nettruyen/su-tra-thu-cua-nu-vuong/2/12.jpg',47,0),(1877,'https://cmnvymn.com/nettruyen/su-tra-thu-cua-nu-vuong/2/13.jpg',47,0),(1878,'https://dtcdnyacd.com/nettruyen/su-tra-thu-cua-nu-vuong/2/14.jpg',47,0),(1879,'https://cmnvymn.com/nettruyen/su-tra-thu-cua-nu-vuong/2/15.jpg',47,0),(1880,'https://dtcdnyacd.com/nettruyen/su-tra-thu-cua-nu-vuong/2/16.jpg',47,0),(1881,'https://cmnvymn.com/nettruyen/su-tra-thu-cua-nu-vuong/2/17.jpg',47,0),(1882,'https://dtcdnyacd.com/nettruyen/su-tra-thu-cua-nu-vuong/2/18.jpg',47,0),(1883,'https://cmnvymn.com/nettruyen/su-tra-thu-cua-nu-vuong/2/19.jpg',47,0),(1884,'https://dtcdnyacd.com/nettruyen/su-tra-thu-cua-nu-vuong/2/20.jpg',47,0),(1885,'https://cmnvymn.com/nettruyen/su-tra-thu-cua-nu-vuong/2/21.jpg',47,0),(1886,'https://dtcdnyacd.com/nettruyen/su-tra-thu-cua-nu-vuong/2/22.jpg',47,0),(1887,'https://cmnvymn.com/nettruyen/su-tra-thu-cua-nu-vuong/2/23.jpg',47,0),(1888,'https://dtcdnyacd.com/nettruyen/su-tra-thu-cua-nu-vuong/2/24.jpg',47,0),(1889,'https://cmnvymn.com/nettruyen/su-tra-thu-cua-nu-vuong/2/25.jpg',47,0),(1890,'https://dtcdnyacd.com/nettruyen/su-tra-thu-cua-nu-vuong/3/0.jpg',48,0),(1891,'https://cmnvymn.com/nettruyen/su-tra-thu-cua-nu-vuong/3/1.jpg',48,0),(1892,'https://dtcdnyacd.com/nettruyen/su-tra-thu-cua-nu-vuong/3/2.jpg',48,0),(1893,'https://cmnvymn.com/nettruyen/su-tra-thu-cua-nu-vuong/3/3.jpg',48,0),(1894,'https://dtcdnyacd.com/nettruyen/su-tra-thu-cua-nu-vuong/3/4.jpg',48,0),(1895,'https://cmnvymn.com/nettruyen/su-tra-thu-cua-nu-vuong/3/5.jpg',48,0),(1896,'https://dtcdnyacd.com/nettruyen/su-tra-thu-cua-nu-vuong/3/6.jpg',48,0),(1897,'https://cmnvymn.com/nettruyen/su-tra-thu-cua-nu-vuong/3/7.jpg',48,0),(1898,'https://dtcdnyacd.com/nettruyen/su-tra-thu-cua-nu-vuong/3/8.jpg',48,0),(1899,'https://cmnvymn.com/nettruyen/su-tra-thu-cua-nu-vuong/3/9.jpg',48,0),(1900,'https://dtcdnyacd.com/nettruyen/su-tra-thu-cua-nu-vuong/3/10.jpg',48,0),(1901,'https://cmnvymn.com/nettruyen/su-tra-thu-cua-nu-vuong/3/11.jpg',48,0),(1902,'https://dtcdnyacd.com/nettruyen/su-tra-thu-cua-nu-vuong/3/12.jpg',48,0),(1903,'https://cmnvymn.com/nettruyen/su-tra-thu-cua-nu-vuong/3/13.jpg',48,0),(1904,'https://dtcdnyacd.com/nettruyen/su-tra-thu-cua-nu-vuong/3/14.jpg',48,0),(1905,'https://cmnvymn.com/nettruyen/su-tra-thu-cua-nu-vuong/3/15.jpg',48,0),(1906,'https://dtcdnyacd.com/nettruyen/su-tra-thu-cua-nu-vuong/3/16.jpg',48,0),(1907,'https://cmnvymn.com/nettruyen/su-tra-thu-cua-nu-vuong/3/17.jpg',48,0),(1908,'https://dtcdnyacd.com/nettruyen/su-tra-thu-cua-nu-vuong/3/18.jpg',48,0),(1909,'https://cmnvymn.com/nettruyen/su-tra-thu-cua-nu-vuong/3/19.jpg',48,0),(1910,'https://dtcdnyacd.com/nettruyen/su-tra-thu-cua-nu-vuong/3/20.jpg',48,0),(1911,'https://cmnvymn.com/nettruyen/su-tra-thu-cua-nu-vuong/3/21.jpg',48,0),(1912,'https://dtcdnyacd.com/nettruyen/su-tra-thu-cua-nu-vuong/3/22.jpg',48,0),(1913,'https://cmnvymn.com/nettruyen/su-tra-thu-cua-nu-vuong/3/23.jpg',48,0),(1914,'https://dtcdnyacd.com/nettruyen/su-tra-thu-cua-nu-vuong/3/24.jpg',48,0),(1915,'https://cmnvymn.com/nettruyen/su-tra-thu-cua-nu-vuong/3/25.jpg',48,0),(1916,'https://dtcdnyacd.com/nettruyen/su-tra-thu-cua-nu-vuong/3/26.jpg',48,0),(1917,'https://dtcdnyacd.com/nettruyen/danh-mon-chi-ai/1/0.jpg',49,0),(1918,'https://cmnvymn.com/nettruyen/danh-mon-chi-ai/1/1.jpg',49,0),(1919,'https://dtcdnyacd.com/nettruyen/danh-mon-chi-ai/1/2.jpg',49,0),(1920,'https://cmnvymn.com/nettruyen/danh-mon-chi-ai/1/3.jpg',49,0),(1921,'https://dtcdnyacd.com/nettruyen/danh-mon-chi-ai/1/4.jpg',49,0),(1922,'https://cmnvymn.com/nettruyen/danh-mon-chi-ai/1/5.jpg',49,0),(1923,'https://dtcdnyacd.com/nettruyen/danh-mon-chi-ai/1/6.jpg',49,0),(1924,'https://cmnvymn.com/nettruyen/danh-mon-chi-ai/1/7.jpg',49,0),(1925,'https://dtcdnyacd.com/nettruyen/danh-mon-chi-ai/1/8.jpg',49,0),(1926,'https://cmnvymn.com/nettruyen/danh-mon-chi-ai/1/9.jpg',49,0),(1927,'https://dtcdnyacd.com/nettruyen/danh-mon-chi-ai/1/10.jpg',49,0),(1928,'https://cmnvymn.com/nettruyen/danh-mon-chi-ai/1/11.jpg',49,0),(1929,'https://dtcdnyacd.com/nettruyen/danh-mon-chi-ai/1/12.jpg',49,0),(1930,'https://cmnvymn.com/nettruyen/danh-mon-chi-ai/1/13.jpg',49,0),(1931,'https://dtcdnyacd.com/nettruyen/danh-mon-chi-ai/1/14.jpg',49,0),(1932,'https://cmnvymn.com/nettruyen/danh-mon-chi-ai/1/15.jpg',49,0),(1933,'https://dtcdnyacd.com/nettruyen/danh-mon-chi-ai/1/16.jpg',49,0),(1934,'https://cmnvymn.com/nettruyen/danh-mon-chi-ai/1/17.jpg',49,0),(1935,'https://dtcdnyacd.com/nettruyen/danh-mon-chi-ai/1/18.jpg',49,0),(1936,'https://cmnvymn.com/nettruyen/danh-mon-chi-ai/1/19.jpg',49,0),(1937,'https://dtcdnyacd.com/nettruyen/danh-mon-chi-ai/1/20.jpg',49,0),(1938,'https://cmnvymn.com/nettruyen/danh-mon-chi-ai/1/21.jpg',49,0),(1939,'https://dtcdnyacd.com/nettruyen/danh-mon-chi-ai/1/22.jpg',49,0),(1940,'https://cmnvymn.com/nettruyen/danh-mon-chi-ai/1/23.jpg',49,0),(1941,'https://dtcdnyacd.com/nettruyen/danh-mon-chi-ai/1/24.jpg',49,0),(1942,'https://cmnvymn.com/nettruyen/danh-mon-chi-ai/1/25.jpg',49,0),(1943,'https://dtcdnyacd.com/nettruyen/danh-mon-chi-ai/1/26.jpg',49,0),(1944,'https://cmnvymn.com/nettruyen/danh-mon-chi-ai/1/27.jpg',49,0),(1945,'https://dtcdnyacd.com/nettruyen/danh-mon-chi-ai/1/28.jpg',49,0),(1946,'https://cmnvymn.com/nettruyen/danh-mon-chi-ai/1/29.jpg',49,0),(1947,'https://dtcdnyacd.com/nettruyen/danh-mon-chi-ai/1/30.jpg',49,0),(1948,'https://cmnvymn.com/nettruyen/danh-mon-chi-ai/1/31.jpg',49,0),(1949,'https://dtcdnyacd.com/nettruyen/danh-mon-chi-ai/1/32.jpg',49,0),(1950,'https://cmnvymn.com/nettruyen/danh-mon-chi-ai/1/33.jpg',49,0),(1951,'https://dtcdnyacd.com/nettruyen/danh-mon-chi-ai/1/34.jpg',49,0),(1952,'https://cmnvymn.com/nettruyen/danh-mon-chi-ai/1/35.jpg',49,0),(1953,'https://dtcdnyacd.com/nettruyen/danh-mon-chi-ai/1/36.jpg',49,0),(1954,'https://cmnvymn.com/nettruyen/danh-mon-chi-ai/1/37.jpg',49,0),(1955,'https://dtcdnyacd.com/nettruyen/danh-mon-chi-ai/1/38.jpg',49,0),(1956,'https://cmnvymn.com/nettruyen/danh-mon-chi-ai/1/39.jpg',49,0),(1957,'https://dtcdnyacd.com/nettruyen/danh-mon-chi-ai/1/40.jpg',49,0),(1958,'https://cmnvymn.com/nettruyen/danh-mon-chi-ai/1/41.jpg',49,0),(1959,'https://dtcdnyacd.com/nettruyen/danh-mon-chi-ai/1/42.jpg',49,0),(1960,'https://cmnvymn.com/nettruyen/danh-mon-chi-ai/1/43.jpg',49,0),(1961,'https://dtcdnyacd.com/nettruyen/danh-mon-chi-ai/1/44.jpg',49,0),(1962,'https://cmnvymn.com/nettruyen/danh-mon-chi-ai/1/45.jpg',49,0),(1963,'https://dtcdnyacd.com/nettruyen/danh-mon-chi-ai/1/46.jpg',49,0),(1964,'https://cmnvymn.com/nettruyen/danh-mon-chi-ai/1/47.jpg',49,0),(1965,'https://dtcdnyacd.com/nettruyen/danh-mon-chi-ai/1/48.jpg',49,0),(1966,'https://cmnvymn.com/nettruyen/danh-mon-chi-ai/1/49.jpg',49,0),(1967,'https://dtcdnyacd.com/nettruyen/danh-mon-chi-ai/1/50.jpg',49,0),(1968,'https://cmnvymn.com/nettruyen/danh-mon-chi-ai/1/51.jpg',49,0),(1969,'https://dtcdnyacd.com/nettruyen/danh-mon-chi-ai/1/52.jpg',49,0),(1970,'https://cmnvymn.com/nettruyen/danh-mon-chi-ai/1/53.jpg',49,0),(1971,'https://dtcdnyacd.com/nettruyen/danh-mon-chi-ai/1/54.jpg',49,0),(1972,'https://cmnvymn.com/nettruyen/danh-mon-chi-ai/1/55.jpg',49,0),(1973,'https://dtcdnyacd.com/nettruyen/danh-mon-chi-ai/1/56.jpg',49,0),(1974,'https://cmnvymn.com/nettruyen/danh-mon-chi-ai/1/57.jpg',49,0),(1975,'https://dtcdnyacd.com/nettruyen/kubo-san-wa-boku-mobu-wo-yurusanai/1/0.jpg',52,0),(1976,'https://cmnvymn.com/nettruyen/kubo-san-wa-boku-mobu-wo-yurusanai/1/1.jpg',52,0),(1977,'https://dtcdnyacd.com/nettruyen/kubo-san-wa-boku-mobu-wo-yurusanai/1/2.jpg',52,0),(1978,'https://cmnvymn.com/nettruyen/kubo-san-wa-boku-mobu-wo-yurusanai/1/3.jpg',52,0),(1979,'https://dtcdnyacd.com/nettruyen/kubo-san-wa-boku-mobu-wo-yurusanai/1/4.jpg',52,0),(1980,'https://cmnvymn.com/nettruyen/kubo-san-wa-boku-mobu-wo-yurusanai/1/5.jpg',52,0),(1981,'https://dtcdnyacd.com/nettruyen/kubo-san-wa-boku-mobu-wo-yurusanai/1/6.jpg',52,0),(1982,'https://cmnvymn.com/nettruyen/kubo-san-wa-boku-mobu-wo-yurusanai/1/7.jpg',52,0),(1983,'https://dtcdnyacd.com/nettruyen/kubo-san-wa-boku-mobu-wo-yurusanai/1/8.jpg',52,0),(1984,'https://cmnvymn.com/nettruyen/kubo-san-wa-boku-mobu-wo-yurusanai/1/9.jpg',52,0),(1985,'https://dtcdnyacd.com/nettruyen/kubo-san-wa-boku-mobu-wo-yurusanai/1/10.jpg',52,0),(1986,'https://cmnvymn.com/nettruyen/kubo-san-wa-boku-mobu-wo-yurusanai/1/11.jpg',52,0),(1987,'https://dtcdnyacd.com/nettruyen/kubo-san-wa-boku-mobu-wo-yurusanai/1/12.jpg',52,0),(1988,'https://cmnvymn.com/nettruyen/kubo-san-wa-boku-mobu-wo-yurusanai/1/13.jpg',52,0),(1989,'https://dtcdnyacd.com/nettruyen/kubo-san-wa-boku-mobu-wo-yurusanai/1/14.jpg',52,0),(1990,'https://cmnvymn.com/nettruyen/kubo-san-wa-boku-mobu-wo-yurusanai/1/15.jpg',52,0),(1991,'https://dtcdnyacd.com/nettruyen/kubo-san-wa-boku-mobu-wo-yurusanai/1/16.jpg',52,0),(1992,'https://cmnvymn.com/nettruyen/kubo-san-wa-boku-mobu-wo-yurusanai/1/17.jpg',52,0),(1993,'https://dtcdnyacd.com/nettruyen/kubo-san-wa-boku-mobu-wo-yurusanai/1/18.jpg',52,0),(1994,'https://cmnvymn.com/nettruyen/kubo-san-wa-boku-mobu-wo-yurusanai/1/19.jpg',52,0),(1995,'https://dtcdnyacd.com/nettruyen/kubo-san-wa-boku-mobu-wo-yurusanai/2/0.jpg',53,0),(1996,'https://cmnvymn.com/nettruyen/kubo-san-wa-boku-mobu-wo-yurusanai/2/1.jpg',53,0),(1997,'https://dtcdnyacd.com/nettruyen/kubo-san-wa-boku-mobu-wo-yurusanai/2/2.jpg',53,0),(1998,'https://cmnvymn.com/nettruyen/kubo-san-wa-boku-mobu-wo-yurusanai/2/3.jpg',53,0),(1999,'https://dtcdnyacd.com/nettruyen/kubo-san-wa-boku-mobu-wo-yurusanai/2/4.jpg',53,0),(2000,'https://cmnvymn.com/nettruyen/kubo-san-wa-boku-mobu-wo-yurusanai/2/5.jpg',53,0),(2001,'https://dtcdnyacd.com/nettruyen/kubo-san-wa-boku-mobu-wo-yurusanai/2/6.jpg',53,0),(2002,'https://cmnvymn.com/nettruyen/kubo-san-wa-boku-mobu-wo-yurusanai/2/7.jpg',53,0),(2003,'https://dtcdnyacd.com/nettruyen/kubo-san-wa-boku-mobu-wo-yurusanai/2/8.jpg',53,0),(2004,'https://cmnvymn.com/nettruyen/kubo-san-wa-boku-mobu-wo-yurusanai/2/9.jpg',53,0),(2005,'https://dtcdnyacd.com/nettruyen/kubo-san-wa-boku-mobu-wo-yurusanai/2/10.jpg',53,0),(2006,'https://cmnvymn.com/nettruyen/kubo-san-wa-boku-mobu-wo-yurusanai/2/11.jpg',53,0),(2007,'https://dtcdnyacd.com/nettruyen/kubo-san-wa-boku-mobu-wo-yurusanai/2/12.jpg',53,0),(2008,'https://cmnvymn.com/nettruyen/kubo-san-wa-boku-mobu-wo-yurusanai/2/13.jpg',53,0),(2009,'https://dtcdnyacd.com/nettruyen/kubo-san-wa-boku-mobu-wo-yurusanai/2/14.jpg',53,0),(2010,'https://cmnvymn.com/nettruyen/kubo-san-wa-boku-mobu-wo-yurusanai/2/15.jpg',53,0),(2011,'https://dtcdnyacd.com/nettruyen/kubo-san-wa-boku-mobu-wo-yurusanai/2/16.jpg',53,0),(2012,'https://cmnvymn.com/nettruyen/kubo-san-wa-boku-mobu-wo-yurusanai/2/17.jpg',53,0),(2013,'https://dtcdnyacd.com/nettruyen/kubo-san-wa-boku-mobu-wo-yurusanai/3/0.jpg',54,0),(2014,'https://cmnvymn.com/nettruyen/kubo-san-wa-boku-mobu-wo-yurusanai/3/1.jpg',54,0),(2015,'https://dtcdnyacd.com/nettruyen/kubo-san-wa-boku-mobu-wo-yurusanai/3/2.jpg',54,0),(2016,'https://cmnvymn.com/nettruyen/kubo-san-wa-boku-mobu-wo-yurusanai/3/3.jpg',54,0),(2017,'https://dtcdnyacd.com/nettruyen/kubo-san-wa-boku-mobu-wo-yurusanai/3/4.jpg',54,0),(2018,'https://cmnvymn.com/nettruyen/kubo-san-wa-boku-mobu-wo-yurusanai/3/5.jpg',54,0),(2019,'https://dtcdnyacd.com/nettruyen/kubo-san-wa-boku-mobu-wo-yurusanai/3/6.jpg',54,0),(2020,'https://cmnvymn.com/nettruyen/kubo-san-wa-boku-mobu-wo-yurusanai/3/7.jpg',54,0),(2021,'https://dtcdnyacd.com/nettruyen/kubo-san-wa-boku-mobu-wo-yurusanai/3/8.jpg',54,0),(2022,'https://cmnvymn.com/nettruyen/kubo-san-wa-boku-mobu-wo-yurusanai/3/9.jpg',54,0),(2023,'https://dtcdnyacd.com/nettruyen/kubo-san-wa-boku-mobu-wo-yurusanai/3/10.jpg',54,0),(2024,'https://cmnvymn.com/nettruyen/kubo-san-wa-boku-mobu-wo-yurusanai/3/11.jpg',54,0),(2025,'https://dtcdnyacd.com/nettruyen/kubo-san-wa-boku-mobu-wo-yurusanai/3/12.jpg',54,0),(2026,'https://cmnvymn.com/nettruyen/kubo-san-wa-boku-mobu-wo-yurusanai/3/13.jpg',54,0),(2027,'https://dtcdnyacd.com/nettruyen/kubo-san-wa-boku-mobu-wo-yurusanai/3/14.jpg',54,0),(2028,'https://dtcdnyacd.com/nettruyen/sensei-cant-teach-me-about-love/1/0.jpg',55,0),(2029,'https://cmnvymn.com/nettruyen/sensei-cant-teach-me-about-love/1/1.jpg',55,0),(2030,'https://dtcdnyacd.com/nettruyen/sensei-cant-teach-me-about-love/1/2.jpg',55,0),(2031,'https://cmnvymn.com/nettruyen/sensei-cant-teach-me-about-love/1/3.jpg',55,0),(2032,'https://dtcdnyacd.com/nettruyen/sensei-cant-teach-me-about-love/1/4.jpg',55,0),(2033,'https://cmnvymn.com/nettruyen/sensei-cant-teach-me-about-love/1/5.jpg',55,0),(2034,'https://dtcdnyacd.com/nettruyen/sensei-cant-teach-me-about-love/1/6.jpg',55,0),(2035,'https://cmnvymn.com/nettruyen/sensei-cant-teach-me-about-love/1/7.jpg',55,0),(2036,'https://dtcdnyacd.com/nettruyen/sensei-cant-teach-me-about-love/1/8.jpg',55,0),(2037,'https://cmnvymn.com/nettruyen/sensei-cant-teach-me-about-love/1/9.jpg',55,0),(2038,'https://dtcdnyacd.com/nettruyen/sensei-cant-teach-me-about-love/1/10.jpg',55,0),(2039,'https://cmnvymn.com/nettruyen/sensei-cant-teach-me-about-love/1/11.jpg',55,0),(2040,'https://dtcdnyacd.com/nettruyen/sensei-cant-teach-me-about-love/1/12.jpg',55,0),(2041,'https://cmnvymn.com/nettruyen/sensei-cant-teach-me-about-love/1/13.jpg',55,0),(2042,'https://dtcdnyacd.com/nettruyen/sensei-cant-teach-me-about-love/1/14.jpg',55,0),(2043,'https://cmnvymn.com/nettruyen/sensei-cant-teach-me-about-love/1/15.jpg',55,0),(2044,'https://dtcdnyacd.com/nettruyen/sensei-cant-teach-me-about-love/1/16.jpg',55,0),(2045,'https://cmnvymn.com/nettruyen/sensei-cant-teach-me-about-love/1/17.jpg',55,0),(2046,'https://dtcdnyacd.com/nettruyen/sensei-cant-teach-me-about-love/1/18.jpg',55,0),(2047,'https://cmnvymn.com/nettruyen/sensei-cant-teach-me-about-love/1/19.jpg',55,0),(2048,'https://dtcdnyacd.com/nettruyen/sensei-cant-teach-me-about-love/1/20.jpg',55,0),(2049,'https://cmnvymn.com/nettruyen/sensei-cant-teach-me-about-love/1/21.jpg',55,0),(2050,'https://dtcdnyacd.com/nettruyen/sensei-cant-teach-me-about-love/1/22.jpg',55,0),(2051,'https://cmnvymn.com/nettruyen/sensei-cant-teach-me-about-love/1/23.jpg',55,0),(2052,'https://dtcdnyacd.com/nettruyen/sensei-cant-teach-me-about-love/2/0.jpg',56,0),(2053,'https://cmnvymn.com/nettruyen/sensei-cant-teach-me-about-love/2/1.jpg',56,0),(2054,'https://dtcdnyacd.com/nettruyen/sensei-cant-teach-me-about-love/2/2.jpg',56,0),(2055,'https://cmnvymn.com/nettruyen/sensei-cant-teach-me-about-love/2/3.jpg',56,0),(2056,'https://dtcdnyacd.com/nettruyen/sensei-cant-teach-me-about-love/2/4.jpg',56,0),(2057,'https://cmnvymn.com/nettruyen/sensei-cant-teach-me-about-love/2/5.jpg',56,0),(2058,'https://dtcdnyacd.com/nettruyen/sensei-cant-teach-me-about-love/2/6.jpg',56,0),(2059,'https://cmnvymn.com/nettruyen/sensei-cant-teach-me-about-love/2/7.jpg',56,0),(2060,'https://dtcdnyacd.com/nettruyen/sensei-cant-teach-me-about-love/2/8.jpg',56,0),(2061,'https://cmnvymn.com/nettruyen/sensei-cant-teach-me-about-love/2/9.jpg',56,0),(2062,'https://dtcdnyacd.com/nettruyen/sensei-cant-teach-me-about-love/2/10.jpg',56,0),(2063,'https://cmnvymn.com/nettruyen/sensei-cant-teach-me-about-love/2/11.jpg',56,0),(2064,'https://dtcdnyacd.com/nettruyen/sensei-cant-teach-me-about-love/2/12.jpg',56,0),(2065,'https://cmnvymn.com/nettruyen/sensei-cant-teach-me-about-love/2/13.jpg',56,0),(2066,'https://dtcdnyacd.com/nettruyen/sensei-cant-teach-me-about-love/2/14.jpg',56,0),(2067,'https://cmnvymn.com/nettruyen/sensei-cant-teach-me-about-love/2/15.jpg',56,0),(2068,'https://dtcdnyacd.com/nettruyen/sensei-cant-teach-me-about-love/2/16.jpg',56,0),(2069,'https://cmnvymn.com/nettruyen/sensei-cant-teach-me-about-love/2/17.jpg',56,0),(2070,'https://dtcdnyacd.com/nettruyen/sensei-cant-teach-me-about-love/2/18.jpg',56,0),(2071,'https://cmnvymn.com/nettruyen/sensei-cant-teach-me-about-love/2/19.jpg',56,0),(2072,'https://dtcdnyacd.com/nettruyen/sensei-cant-teach-me-about-love/2/20.jpg',56,0),(2073,'https://cmnvymn.com/nettruyen/sensei-cant-teach-me-about-love/2/21.jpg',56,0),(2074,'https://dtcdnyacd.com/nettruyen/sensei-cant-teach-me-about-love/2/22.jpg',56,0),(2075,'https://cmnvymn.com/nettruyen/sensei-cant-teach-me-about-love/2/23.jpg',56,0),(2076,'https://dtcdnyacd.com/nettruyen/sensei-cant-teach-me-about-love/3/0.jpg',57,0),(2077,'https://cmnvymn.com/nettruyen/sensei-cant-teach-me-about-love/3/1.jpg',57,0),(2078,'https://dtcdnyacd.com/nettruyen/sensei-cant-teach-me-about-love/3/2.jpg',57,0),(2079,'https://cmnvymn.com/nettruyen/sensei-cant-teach-me-about-love/3/3.jpg',57,0),(2080,'https://dtcdnyacd.com/nettruyen/sensei-cant-teach-me-about-love/3/4.jpg',57,0),(2081,'https://cmnvymn.com/nettruyen/sensei-cant-teach-me-about-love/3/5.jpg',57,0),(2082,'https://dtcdnyacd.com/nettruyen/sensei-cant-teach-me-about-love/3/6.jpg',57,0),(2083,'https://cmnvymn.com/nettruyen/sensei-cant-teach-me-about-love/3/7.jpg',57,0),(2084,'https://dtcdnyacd.com/nettruyen/sensei-cant-teach-me-about-love/3/8.jpg',57,0),(2085,'https://cmnvymn.com/nettruyen/sensei-cant-teach-me-about-love/3/9.jpg',57,0),(2086,'https://dtcdnyacd.com/nettruyen/sensei-cant-teach-me-about-love/3/10.jpg',57,0),(2087,'https://cmnvymn.com/nettruyen/sensei-cant-teach-me-about-love/3/11.jpg',57,0),(2088,'https://dtcdnyacd.com/nettruyen/sensei-cant-teach-me-about-love/3/12.jpg',57,0),(2089,'https://cmnvymn.com/nettruyen/sensei-cant-teach-me-about-love/3/13.jpg',57,0),(2090,'https://dtcdnyacd.com/nettruyen/sensei-cant-teach-me-about-love/3/14.jpg',57,0),(2091,'https://cmnvymn.com/nettruyen/sensei-cant-teach-me-about-love/3/15.jpg',57,0),(2092,'https://dtcdnyacd.com/nettruyen/sensei-cant-teach-me-about-love/3/16.jpg',57,0),(2093,'https://cmnvymn.com/nettruyen/sensei-cant-teach-me-about-love/3/17.jpg',57,0),(2094,'https://dtcdnyacd.com/nettruyen/sensei-cant-teach-me-about-love/3/18.jpg',57,0),(2095,'https://cmnvymn.com/nettruyen/sensei-cant-teach-me-about-love/3/19.jpg',57,0),(2096,'https://dtcdnyacd.com/nettruyen/sensei-cant-teach-me-about-love/3/20.jpg',57,0),(2097,'https://cmnvymn.com/nettruyen/sensei-cant-teach-me-about-love/3/21.jpg',57,0),(2098,'https://dtcdnyacd.com/nettruyen/sensei-cant-teach-me-about-love/3/22.jpg',57,0),(2099,'https://cmnvymn.com/nettruyen/sensei-cant-teach-me-about-love/3/23.jpg',57,0),(2100,'https://dtcdnyacd.com/nettruyen/maou-ni-natte-node-dungeon-tsukutte-jingai-musume-to-honobono-suru/1/0.jpg',58,0),(2101,'https://cmnvymn.com/nettruyen/maou-ni-natte-node-dungeon-tsukutte-jingai-musume-to-honobono-suru/1/1.jpg',58,0),(2102,'https://dtcdnyacd.com/nettruyen/maou-ni-natte-node-dungeon-tsukutte-jingai-musume-to-honobono-suru/1/2.jpg',58,0),(2103,'https://cmnvymn.com/nettruyen/maou-ni-natte-node-dungeon-tsukutte-jingai-musume-to-honobono-suru/1/3.jpg',58,0),(2104,'https://dtcdnyacd.com/nettruyen/maou-ni-natte-node-dungeon-tsukutte-jingai-musume-to-honobono-suru/1/4.jpg',58,0),(2105,'https://cmnvymn.com/nettruyen/maou-ni-natte-node-dungeon-tsukutte-jingai-musume-to-honobono-suru/1/5.jpg',58,0),(2106,'https://dtcdnyacd.com/nettruyen/maou-ni-natte-node-dungeon-tsukutte-jingai-musume-to-honobono-suru/1/6.jpg',58,0),(2107,'https://cmnvymn.com/nettruyen/maou-ni-natte-node-dungeon-tsukutte-jingai-musume-to-honobono-suru/1/7.jpg',58,0),(2108,'https://dtcdnyacd.com/nettruyen/maou-ni-natte-node-dungeon-tsukutte-jingai-musume-to-honobono-suru/1/8.jpg',58,0),(2109,'https://cmnvymn.com/nettruyen/maou-ni-natte-node-dungeon-tsukutte-jingai-musume-to-honobono-suru/1/9.jpg',58,0),(2110,'https://dtcdnyacd.com/nettruyen/maou-ni-natte-node-dungeon-tsukutte-jingai-musume-to-honobono-suru/1/10.jpg',58,0),(2111,'https://cmnvymn.com/nettruyen/maou-ni-natte-node-dungeon-tsukutte-jingai-musume-to-honobono-suru/1/11.jpg',58,0),(2112,'https://dtcdnyacd.com/nettruyen/maou-ni-natte-node-dungeon-tsukutte-jingai-musume-to-honobono-suru/1/12.jpg',58,0),(2113,'https://cmnvymn.com/nettruyen/maou-ni-natte-node-dungeon-tsukutte-jingai-musume-to-honobono-suru/1/13.jpg',58,0),(2114,'https://dtcdnyacd.com/nettruyen/maou-ni-natte-node-dungeon-tsukutte-jingai-musume-to-honobono-suru/1/14.jpg',58,0),(2115,'https://cmnvymn.com/nettruyen/maou-ni-natte-node-dungeon-tsukutte-jingai-musume-to-honobono-suru/1/15.jpg',58,0),(2116,'https://dtcdnyacd.com/nettruyen/maou-ni-natte-node-dungeon-tsukutte-jingai-musume-to-honobono-suru/1/16.jpg',58,0),(2117,'https://dtcdnyacd.com/nettruyen/maou-ni-natte-node-dungeon-tsukutte-jingai-musume-to-honobono-suru/2/0.jpg',59,0),(2118,'https://cmnvymn.com/nettruyen/maou-ni-natte-node-dungeon-tsukutte-jingai-musume-to-honobono-suru/2/1.jpg',59,0),(2119,'https://dtcdnyacd.com/nettruyen/maou-ni-natte-node-dungeon-tsukutte-jingai-musume-to-honobono-suru/2/2.jpg',59,0),(2120,'https://cmnvymn.com/nettruyen/maou-ni-natte-node-dungeon-tsukutte-jingai-musume-to-honobono-suru/2/3.jpg',59,0),(2121,'https://dtcdnyacd.com/nettruyen/maou-ni-natte-node-dungeon-tsukutte-jingai-musume-to-honobono-suru/2/4.jpg',59,0),(2122,'https://cmnvymn.com/nettruyen/maou-ni-natte-node-dungeon-tsukutte-jingai-musume-to-honobono-suru/2/5.jpg',59,0),(2123,'https://dtcdnyacd.com/nettruyen/maou-ni-natte-node-dungeon-tsukutte-jingai-musume-to-honobono-suru/2/6.jpg',59,0),(2124,'https://cmnvymn.com/nettruyen/maou-ni-natte-node-dungeon-tsukutte-jingai-musume-to-honobono-suru/2/7.jpg',59,0),(2125,'https://dtcdnyacd.com/nettruyen/maou-ni-natte-node-dungeon-tsukutte-jingai-musume-to-honobono-suru/2/8.jpg',59,0),(2126,'https://cmnvymn.com/nettruyen/maou-ni-natte-node-dungeon-tsukutte-jingai-musume-to-honobono-suru/2/9.jpg',59,0),(2127,'https://dtcdnyacd.com/nettruyen/maou-ni-natte-node-dungeon-tsukutte-jingai-musume-to-honobono-suru/2/10.jpg',59,0),(2128,'https://cmnvymn.com/nettruyen/maou-ni-natte-node-dungeon-tsukutte-jingai-musume-to-honobono-suru/2/11.jpg',59,0),(2129,'https://dtcdnyacd.com/nettruyen/maou-ni-natte-node-dungeon-tsukutte-jingai-musume-to-honobono-suru/2/12.jpg',59,0),(2130,'https://cmnvymn.com/nettruyen/maou-ni-natte-node-dungeon-tsukutte-jingai-musume-to-honobono-suru/2/13.jpg',59,0),(2131,'https://dtcdnyacd.com/nettruyen/maou-ni-natte-node-dungeon-tsukutte-jingai-musume-to-honobono-suru/2/14.jpg',59,0),(2132,'https://cmnvymn.com/nettruyen/maou-ni-natte-node-dungeon-tsukutte-jingai-musume-to-honobono-suru/2/15.jpg',59,0),(2133,'https://dtcdnyacd.com/nettruyen/maou-ni-natte-node-dungeon-tsukutte-jingai-musume-to-honobono-suru/2/16.jpg',59,0),(2134,'https://cmnvymn.com/nettruyen/maou-ni-natte-node-dungeon-tsukutte-jingai-musume-to-honobono-suru/2/17.jpg',59,0),(2135,'https://dtcdnyacd.com/nettruyen/maou-ni-natte-node-dungeon-tsukutte-jingai-musume-to-honobono-suru/3/0.jpg',60,0),(2136,'https://cmnvymn.com/nettruyen/maou-ni-natte-node-dungeon-tsukutte-jingai-musume-to-honobono-suru/3/1.jpg',60,0),(2137,'https://dtcdnyacd.com/nettruyen/maou-ni-natte-node-dungeon-tsukutte-jingai-musume-to-honobono-suru/3/2.jpg',60,0),(2138,'https://cmnvymn.com/nettruyen/maou-ni-natte-node-dungeon-tsukutte-jingai-musume-to-honobono-suru/3/3.jpg',60,0),(2139,'https://dtcdnyacd.com/nettruyen/maou-ni-natte-node-dungeon-tsukutte-jingai-musume-to-honobono-suru/3/4.jpg',60,0),(2140,'https://cmnvymn.com/nettruyen/maou-ni-natte-node-dungeon-tsukutte-jingai-musume-to-honobono-suru/3/5.jpg',60,0),(2141,'https://dtcdnyacd.com/nettruyen/maou-ni-natte-node-dungeon-tsukutte-jingai-musume-to-honobono-suru/3/6.jpg',60,0),(2142,'https://cmnvymn.com/nettruyen/maou-ni-natte-node-dungeon-tsukutte-jingai-musume-to-honobono-suru/3/7.jpg',60,0),(2143,'https://dtcdnyacd.com/nettruyen/maou-ni-natte-node-dungeon-tsukutte-jingai-musume-to-honobono-suru/3/8.jpg',60,0),(2144,'https://cmnvymn.com/nettruyen/maou-ni-natte-node-dungeon-tsukutte-jingai-musume-to-honobono-suru/3/9.jpg',60,0),(2145,'https://dtcdnyacd.com/nettruyen/maou-ni-natte-node-dungeon-tsukutte-jingai-musume-to-honobono-suru/3/10.jpg',60,0),(2146,'https://cmnvymn.com/nettruyen/maou-ni-natte-node-dungeon-tsukutte-jingai-musume-to-honobono-suru/3/11.jpg',60,0),(2147,'https://dtcdnyacd.com/nettruyen/maou-ni-natte-node-dungeon-tsukutte-jingai-musume-to-honobono-suru/3/12.jpg',60,0),(2148,'https://cmnvymn.com/nettruyen/maou-ni-natte-node-dungeon-tsukutte-jingai-musume-to-honobono-suru/3/13.jpg',60,0),(2149,'https://dtcdnyacd.com/nettruyen/maou-ni-natte-node-dungeon-tsukutte-jingai-musume-to-honobono-suru/3/14.jpg',60,0),(2150,'https://cmnvymn.com/nettruyen/maou-ni-natte-node-dungeon-tsukutte-jingai-musume-to-honobono-suru/3/15.jpg',60,0),(2151,'https://dtcdnyacd.com/nettruyen/maou-ni-natte-node-dungeon-tsukutte-jingai-musume-to-honobono-suru/3/16.jpg',60,0),(2152,'https://cmnvymn.com/nettruyen/maou-ni-natte-node-dungeon-tsukutte-jingai-musume-to-honobono-suru/3/17.jpg',60,0),(2153,'https://dtcdnyacd.com/nettruyen/maou-ni-natte-node-dungeon-tsukutte-jingai-musume-to-honobono-suru/3/18.jpg',60,0);
/*!40000 ALTER TABLE `chapter_contents` ENABLE KEYS */;
UNLOCK TABLES;

--
-- Table structure for table `chapters`
--

DROP TABLE IF EXISTS `chapters`;
/*!40101 SET @saved_cs_client     = @@character_set_client */;
/*!50503 SET character_set_client = utf8mb4 */;
CREATE TABLE `chapters` (
  `id` int NOT NULL AUTO_INCREMENT,
  `name` varchar(255) CHARACTER SET utf8mb4 COLLATE utf8mb4_unicode_ci DEFAULT NULL,
  `publish_date` date DEFAULT NULL,
  `view` int DEFAULT NULL,
  `book_id` int DEFAULT NULL,
  `is_deleted` bit(1) DEFAULT b'0',
  PRIMARY KEY (`id`),
  KEY `FKed84iwj3kfagv35uls80txkj4` (`book_id`),
  CONSTRAINT `FKed84iwj3kfagv35uls80txkj4` FOREIGN KEY (`book_id`) REFERENCES `books` (`id`)
) ENGINE=InnoDB AUTO_INCREMENT=61 DEFAULT CHARSET=utf8mb4 COLLATE=utf8mb4_unicode_ci;
/*!40101 SET character_set_client = @saved_cs_client */;

--
-- Dumping data for table `chapters`
--

LOCK TABLES `chapters` WRITE;
/*!40000 ALTER TABLE `chapters` DISABLE KEYS */;
INSERT INTO `chapters` VALUES (1,'Chapter 1','2023-01-31',30,1,_binary '\0'),(2,'Chapter 2','2023-02-09',16,1,_binary '\0'),(3,'Chapter 3','2023-02-11',14,1,_binary '\0'),(4,'Chapter 1','2023-03-02',7,2,_binary '\0'),(5,'Chapter 2','2023-03-03',6,2,_binary '\0'),(6,'Chapter 3','2023-03-03',3,2,_binary '\0'),(7,'Chapter 1','2023-03-24',9,3,_binary '\0'),(8,'Chapter 2','2023-03-24',9,3,_binary '\0'),(9,'Chapter 3','2023-03-25',8,3,_binary '\0'),(10,'Chapter 1','2023-03-28',6,4,_binary '\0'),(11,'Chapter 2','2023-03-28',2,4,_binary '\0'),(12,'Chapter 3','2023-04-04',0,4,_binary '\0'),(13,'Chapter 1','2023-02-06',1,5,_binary '\0'),(14,'Chapter 2','2023-02-06',0,5,_binary '\0'),(15,'Chapter 3','2023-02-10',0,5,_binary '\0'),(16,'Chapter 1','2023-01-13',0,6,_binary '\0'),(17,'Chapter 2','2023-01-13',1,6,_binary '\0'),(18,'Chapter 3','2023-02-13',0,6,_binary '\0'),(19,'Chapter 1','2023-01-21',0,7,_binary '\0'),(20,'Chapter 2','2023-01-21',0,7,_binary '\0'),(21,'Chapter 3','2023-01-21',0,7,_binary '\0'),(22,'Chapter 1','2023-01-19',0,8,_binary '\0'),(23,'Chapter 2','2023-01-19',0,8,_binary '\0'),(24,'Chapter 3','2023-01-19',0,8,_binary '\0'),(25,'Chapter 1','2023-02-12',0,9,_binary '\0'),(26,'Chapter 2','2023-02-12',0,9,_binary '\0'),(27,'Chapter 3','2023-02-12',0,9,_binary '\0'),(28,'Chapter 1','2023-03-30',6,10,_binary '\0'),(29,'Chapter 2','2023-03-30',0,10,_binary '\0'),(30,'Chapter 3','2023-04-01',0,10,_binary '\0'),(31,'Chapter 1','2023-01-21',0,11,_binary '\0'),(32,'Chapter 2','2023-01-28',0,11,_binary '\0'),(33,'Chapter 3','2023-01-28',0,11,_binary '\0'),(34,'Chapter 1','2023-03-03',8,12,_binary '\0'),(35,'Chapter 2','2023-03-04',16,12,_binary '\0'),(36,'Chapter 1','2023-03-23',0,13,_binary '\0'),(37,'Chapter 2','2023-03-24',0,13,_binary '\0'),(38,'Chapter 3','2023-03-26',0,13,_binary '\0'),(39,'Chapter 1','2023-01-09',0,14,_binary '\0'),(40,'Chapter 2','2023-01-09',0,14,_binary '\0'),(41,'Chapter 3','2023-01-11',0,14,_binary '\0'),(42,'Chapter 1','2023-03-16',0,15,_binary '\0'),(43,'Chapter 2','2023-03-24',0,15,_binary '\0'),(44,'Chapter 3','2023-03-24',0,15,_binary '\0'),(45,'Chapter 1','2023-03-09',0,16,_binary '\0'),(46,'Chapter 2','2023-03-09',0,16,_binary '\0'),(47,'Chapter 3','2023-03-09',0,16,_binary '\0'),(48,'Chapter 1','2023-01-23',0,17,_binary '\0'),(49,'Chapter 2','2023-01-23',0,17,_binary '\0'),(50,'Chapter 3','2023-01-23',0,17,_binary '\0'),(51,'Chapter 1','2023-02-17',0,18,_binary '\0'),(52,'Chapter 2','2023-02-19',0,18,_binary '\0'),(53,'Chapter 3','2023-02-19',0,18,_binary '\0'),(54,'Chapter 1','2023-04-29',4,19,_binary '\0'),(55,'Chapter 2','2023-04-30',3,19,_binary '\0'),(56,'Chapter 3','2023-05-01',0,19,_binary '\0'),(57,'Chapter 1','2023-05-03',31,20,_binary '\0'),(58,'Chapter 2','2023-05-03',6,20,_binary '\0'),(59,'Chapter 3','2023-05-03',2,20,_binary '\0'),(60,'Chapter 4','2024-06-28',0,20,_binary '\0');
/*!40000 ALTER TABLE `chapters` ENABLE KEYS */;
UNLOCK TABLES;

--
-- Table structure for table `comments`
--

DROP TABLE IF EXISTS `comments`;
/*!40101 SET @saved_cs_client     = @@character_set_client */;
/*!50503 SET character_set_client = utf8mb4 */;
CREATE TABLE `comments` (
  `id` int NOT NULL AUTO_INCREMENT,
  `content` varchar(255) CHARACTER SET utf8mb4 COLLATE utf8mb4_unicode_ci DEFAULT NULL,
  `created_at` datetime(6) DEFAULT NULL,
  `state` int DEFAULT NULL,
  `chapter_id` int DEFAULT NULL,
  `user_id` int DEFAULT NULL,
  `is_deleted` bit(1) DEFAULT b'0',
  PRIMARY KEY (`id`),
  KEY `FK12wuds5mgtl34a1krcuq2mlgr` (`chapter_id`),
  KEY `FK8omq0tc18jd43bu5tjh6jvraq` (`user_id`),
  CONSTRAINT `FK12wuds5mgtl34a1krcuq2mlgr` FOREIGN KEY (`chapter_id`) REFERENCES `chapters` (`id`),
  CONSTRAINT `FK8omq0tc18jd43bu5tjh6jvraq` FOREIGN KEY (`user_id`) REFERENCES `users` (`id`)
) ENGINE=InnoDB AUTO_INCREMENT=122 DEFAULT CHARSET=utf8mb4 COLLATE=utf8mb4_unicode_ci;
/*!40101 SET character_set_client = @saved_cs_client */;

--
-- Dumping data for table `comments`
--

LOCK TABLES `comments` WRITE;
/*!40000 ALTER TABLE `comments` DISABLE KEYS */;
INSERT INTO `comments` VALUES (1,'truyện hay quá bạn ơi!','2021-11-21 00:00:00.000000',2,1,1,_binary '\0'),(2,'tuyệt vời!','2021-11-21 00:00:00.000000',2,3,1,_binary '\0'),(3,'tuyệt vời!','2021-11-21 00:00:00.000000',2,2,1,_binary '\0'),(4,'tuyệt vời!','2021-11-21 00:00:00.000000',1,2,1,_binary '\0'),(5,'a','2021-11-21 00:00:00.000000',2,3,1,_binary '\0'),(6,'b','2021-11-21 00:00:00.000000',1,3,1,_binary '\0'),(7,'Optimism is the one quality more associated with success and happiness than any other.              ','2003-08-18 09:47:07.000000',2,3,1,_binary '\0'),(8,'You must be the change you wish to see in the world.','2022-03-25 05:25:34.000000',2,52,4,_binary '\0'),(9,'Anyone who has never made a mistake has never tried anything new. Remember that failure             ','2004-05-14 21:48:28.000000',2,35,1,_binary '\0'),(10,'Such sessions are also susceptible to session hijacking, where a malicious user takes               ','2023-09-09 22:33:50.000000',1,57,3,_binary '\0'),(11,'Navicat Cloud provides a cloud service for synchronizing connections, queries, model                ','2004-08-02 19:06:23.000000',1,38,3,_binary '\0'),(12,'The reason why a great man is great is that he resolves to be a great man.                          ','2013-10-20 04:34:01.000000',1,25,3,_binary '\0'),(13,'SQL Editor allows you to create and edit SQL text, prepare and execute selected queries.            ','2003-03-02 02:57:06.000000',1,3,2,_binary '\0'),(14,'All journeys have secret destinations of which the traveler is unaware.','2011-06-19 12:27:26.000000',2,29,3,_binary '\0'),(15,'It is used while your ISPs do not allow direct connections, but allows establishing                 ','2021-05-03 20:50:23.000000',1,19,4,_binary '\0'),(16,'SSH serves to prevent such vulnerabilities and allows you to access a remote server\'s               ','2017-08-08 04:51:21.000000',2,57,5,_binary '\0'),(17,'Remember that failure is an event, not a person.','2004-11-08 02:37:12.000000',1,42,1,_binary '\0'),(18,'A query is used to extract data from the database in a readable format according                    ','2004-11-26 21:58:34.000000',1,29,2,_binary '\0'),(19,'In a Telnet session, all communications, including username and password, are transmitted           ','2010-12-05 15:25:10.000000',2,53,3,_binary '\0'),(20,'After comparing data, the window shows the number of records that will be inserted,                 ','2019-06-12 12:56:49.000000',2,52,4,_binary '\0'),(21,'Navicat Cloud provides a cloud service for synchronizing connections, queries, model                ','2000-04-28 23:10:38.000000',1,34,3,_binary '\0'),(22,'Navicat Monitor can be installed on any local computer or virtual machine and does                  ','2024-02-13 23:19:26.000000',2,1,5,_binary '\0'),(23,'To open a query using an external editor, control-click it and select Open with External            ','2010-11-19 06:50:32.000000',2,35,3,_binary '\0'),(24,'Navicat 15 has added support for the system-wide dark mode. It collects process metrics             ','2010-07-01 12:01:35.000000',2,8,1,_binary '\0'),(25,'If you wait, all that happens is you get older. Remember that failure is an event, not a person.','2004-04-11 10:36:37.000000',2,29,3,_binary '\0'),(26,'Optimism is the one quality more associated with success and happiness than any other.','2009-09-23 22:09:35.000000',1,55,4,_binary '\0'),(27,'The Navigation pane employs tree structure which allows you to take action upon the                 ','2001-06-16 15:43:31.000000',1,41,5,_binary '\0'),(28,'Export Wizard allows you to export data from tables, collections, views, or query                   ','2014-08-10 04:06:10.000000',2,44,2,_binary '\0'),(29,'I will greet this day with love in my heart. Always keep your eyes open. Keep watching.             ','2010-07-01 18:59:12.000000',2,16,4,_binary '\0'),(30,'Navicat Monitor can be installed on any local computer or virtual machine and does                  ','2020-10-13 21:35:27.000000',1,21,4,_binary '\0'),(31,'Difficult circumstances serve as a textbook of life for people.','2001-06-16 15:42:31.000000',2,27,2,_binary '\0'),(32,'It can also manage cloud databases such as Amazon Redshift, Amazon RDS, Alibaba Cloud.              ','2023-01-20 23:48:26.000000',2,44,4,_binary '\0'),(33,'The reason why a great man is great is that he resolves to be a great man.                          ','2005-03-21 04:24:55.000000',1,31,4,_binary '\0'),(34,'Anyone who has never made a mistake has never tried anything new. The reason why                    ','2004-10-11 13:12:35.000000',2,38,5,_binary '\0'),(35,'A query is used to extract data from the database in a readable format according                    ','2006-02-28 23:48:59.000000',1,49,5,_binary '\0'),(36,'It wasn’t raining when Noah built the ark. I destroy my enemies when I make them my friends.','2020-03-06 19:53:22.000000',2,13,5,_binary '\0'),(37,'I may not have gone where I intended to go, but I think I have ended up where I needed to be.','2016-11-28 14:51:54.000000',2,17,3,_binary '\0'),(38,'The Navigation pane employs tree structure which allows you to take action upon the                 ','2004-04-18 05:23:08.000000',1,39,3,_binary '\0'),(39,'If it scares you, it might be a good thing to try.','2016-05-06 09:39:26.000000',2,43,4,_binary '\0'),(40,'If it scares you, it might be a good thing to try. The past has no power over the present moment.','2001-11-10 17:55:02.000000',2,42,4,_binary '\0'),(41,'Navicat Monitor is a safe, simple and agentless remote server monitoring tool that                  ','2005-12-19 04:28:56.000000',2,44,2,_binary '\0'),(42,'Navicat Monitor can be installed on any local computer or virtual machine and does                  ','2006-08-05 07:10:28.000000',2,3,4,_binary '\0'),(43,'To successfully establish a new connection to local/remote server - no matter via                   ','2003-04-01 06:14:49.000000',1,58,1,_binary '\0'),(44,'The Main Window consists of several toolbars and panes for you to work on connections,              ','2012-06-09 13:32:46.000000',1,37,2,_binary '\0'),(45,'Genius is an infinite capacity for taking pains.','2012-07-29 10:46:07.000000',2,53,3,_binary '\0'),(46,'All journeys have secret destinations of which the traveler is unaware.','2011-02-15 10:11:06.000000',1,20,3,_binary '\0'),(47,'Navicat provides powerful tools for working with queries: Query Editor for editing                  ','2013-07-02 20:05:03.000000',2,50,3,_binary '\0'),(48,'In the Objects tab, you can use the List List, Detail Detail and ER Diagram ER Diagram              ','2012-07-23 14:00:19.000000',1,57,1,_binary '\0'),(49,'Anyone who has never made a mistake has never tried anything new.','2021-06-24 13:24:56.000000',1,17,3,_binary '\0'),(50,'A man is not old until regrets take the place of dreams.','2021-07-12 11:49:58.000000',1,37,1,_binary '\0'),(51,'With its well-designed Graphical User Interface(GUI), Navicat lets you quickly and                  ','2024-02-15 02:14:26.000000',2,43,5,_binary '\0'),(52,'You will succeed because most people are lazy. What you get by achieving your goals                 ','2011-01-22 09:11:20.000000',2,48,1,_binary '\0'),(53,'To clear or reload various internal caches, flush tables, or acquire locks, control-click           ','2019-10-13 09:31:06.000000',2,30,5,_binary '\0'),(54,'The Synchronize to Database function will give you a full picture of all database differences.','2018-10-30 11:03:47.000000',2,51,3,_binary '\0'),(55,'Actually it is just in an idea when feel oneself can achieve and cannot achieve.','2024-01-22 00:15:26.000000',2,58,2,_binary '\0'),(56,'A query is used to extract data from the database in a readable format according                    ','2000-10-01 19:06:22.000000',1,51,3,_binary '\0'),(57,'A comfort zone is a beautiful place, but nothing ever grows there.','2020-03-05 23:26:30.000000',1,56,2,_binary '\0'),(58,'If opportunity doesn’t knock, build a door. Always keep your eyes open. Keep watching.            ','2017-01-29 12:59:07.000000',2,35,3,_binary '\0'),(59,'The Navigation pane employs tree structure which allows you to take action upon the                 ','2011-04-06 16:06:00.000000',1,54,1,_binary '\0'),(60,'Navicat authorizes you to make connection to remote servers running on different                    ','2014-01-21 12:40:05.000000',2,27,1,_binary '\0'),(61,'Import Wizard allows you to import data to tables/collections from CSV, TXT, XML, DBF and more.','2013-08-11 04:41:37.000000',2,8,1,_binary '\0'),(62,'It wasn’t raining when Noah built the ark. You will succeed because most people are lazy.','2017-04-28 12:44:39.000000',2,42,4,_binary '\0'),(63,'It collects process metrics such as CPU load, RAM usage, and a variety of other resources           ','2009-05-23 19:33:23.000000',2,50,4,_binary '\0'),(64,'To get a secure connection, the first thing you need to do is to install OpenSSL                    ','2009-04-18 12:57:41.000000',1,3,1,_binary '\0'),(65,'The On Startup feature allows you to control what tabs appear when you launch Navicat.','2019-06-19 16:11:09.000000',2,52,4,_binary '\0'),(66,'Actually it is just in an idea when feel oneself can achieve and cannot achieve.','2001-08-01 22:16:25.000000',2,12,2,_binary '\0'),(67,'In the Objects tab, you can use the List List, Detail Detail and ER Diagram ER Diagram              ','2023-08-25 11:25:55.000000',2,16,2,_binary '\0'),(68,'Optimism is the one quality more associated with success and happiness than any other.','2002-01-11 10:03:21.000000',2,16,1,_binary '\0'),(69,'Secure SHell (SSH) is a program to log in into another computer over a network, execute             ','2007-03-15 05:17:36.000000',1,32,1,_binary '\0'),(70,'If it scares you, it might be a good thing to try. Export Wizard allows you to export               ','2002-08-07 19:19:57.000000',1,48,1,_binary '\0'),(71,'Navicat Cloud could not connect and access your databases. By which it means, it                    ','2002-11-04 18:14:26.000000',1,26,4,_binary '\0'),(72,'SSH serves to prevent such vulnerabilities and allows you to access a remote server\'s               ','2007-06-13 08:33:58.000000',1,12,2,_binary '\0'),(73,'To open a query using an external editor, control-click it and select Open with External            ','2017-09-16 14:45:00.000000',2,40,2,_binary '\0'),(74,'SSH serves to prevent such vulnerabilities and allows you to access a remote server\'s               ','2012-06-09 12:10:29.000000',1,36,3,_binary '\0'),(75,'A man’s best friends are his ten fingers.','2015-05-18 15:10:24.000000',1,3,5,_binary '\0'),(76,'After comparing data, the window shows the number of records that will be inserted,                 ','2012-08-04 22:36:05.000000',2,7,3,_binary '\0'),(77,'In the Objects tab, you can use the List List, Detail Detail and ER Diagram ER Diagram              ','2019-03-08 09:44:00.000000',2,3,5,_binary '\0'),(78,'The Synchronize to Database function will give you a full picture of all database differences.','2019-06-17 06:23:10.000000',2,16,3,_binary '\0'),(79,'Anyone who has ever made anything of importance was disciplined.','2021-03-05 06:47:54.000000',1,10,3,_binary '\0'),(80,'Navicat Monitor can be installed on any local computer or virtual machine and does                  ','2011-09-13 09:31:32.000000',2,19,4,_binary '\0'),(81,'After logged in the Navicat Cloud feature, the Navigation pane will be divided into                 ','2017-07-16 12:39:04.000000',2,18,4,_binary '\0'),(82,'In the Objects tab, you can use the List List, Detail Detail and ER Diagram ER Diagram              ','2008-01-16 09:11:40.000000',1,57,1,_binary '\0'),(83,'All journeys have secret destinations of which the traveler is unaware.','2017-06-23 11:16:00.000000',2,49,3,_binary '\0'),(84,'After comparing data, the window shows the number of records that will be inserted,                 ','2014-10-13 03:34:53.000000',1,4,5,_binary '\0'),(85,'Instead of wondering when your next vacation is, maybe you should set up a life you                 ','2014-07-22 10:19:23.000000',2,58,5,_binary '\0'),(86,'What you get by achieving your goals is not as important as what you become by achieving your goals.','2006-05-08 22:06:37.000000',1,37,3,_binary '\0'),(87,'The past has no power over the present moment.','2005-05-07 11:33:02.000000',1,56,2,_binary '\0'),(88,'You must be the change you wish to see in the world.','2023-03-31 15:46:19.000000',1,32,3,_binary '\0'),(89,'It provides strong authentication and secure encrypted communications between two                   ','2005-06-23 05:01:07.000000',1,25,1,_binary '\0'),(90,'Actually it is just in an idea when feel oneself can achieve and cannot achieve.                    ','2005-01-15 20:20:29.000000',2,21,1,_binary '\0'),(91,'What you get by achieving your goals is not as important as what you become by achieving your goals.','2021-04-24 20:15:04.000000',2,51,3,_binary '\0'),(92,'To connect to a database or schema, simply double-click it in the pane.','2021-06-28 16:27:32.000000',2,58,2,_binary '\0'),(93,'The reason why a great man is great is that he resolves to be a great man.','2017-10-12 06:00:58.000000',2,22,2,_binary '\0'),(94,'It can also manage cloud databases such as Amazon Redshift, Amazon RDS, Alibaba Cloud.              ','2012-12-14 05:38:13.000000',2,30,1,_binary '\0'),(95,'Navicat Monitor can be installed on any local computer or virtual machine and does                  ','2015-04-20 06:56:38.000000',2,36,5,_binary '\0'),(96,'The Navigation pane employs tree structure which allows you to take action upon the                 ','2011-07-01 12:12:45.000000',2,41,5,_binary '\0'),(97,'To connect to a database or schema, simply double-click it in the pane.','2002-03-12 16:11:59.000000',2,32,3,_binary '\0'),(98,'Remember that failure is an event, not a person. You will succeed because most people are lazy.     ','2022-08-10 04:42:21.000000',2,31,2,_binary '\0'),(99,'Genius is an infinite capacity for taking pains. In the middle of winter I at last                  ','2011-10-20 09:02:40.000000',1,6,2,_binary '\0'),(100,'To clear or reload various internal caches, flush tables, or acquire locks, control-click           ','2024-05-13 17:52:44.000000',2,43,1,_binary '\0'),(101,'I may not have gone where I intended to go, but I think I have ended up where I needed to be.','2020-07-05 02:40:19.000000',2,30,5,_binary '\0'),(102,'Navicat Monitor is a safe, simple and agentless remote server monitoring tool that                  ','2002-11-24 04:45:06.000000',1,10,1,_binary '\0'),(103,'Success consists of going from failure to failure without loss of enthusiasm.','2001-11-02 19:47:05.000000',2,2,1,_binary '\0'),(104,'The Information Pane shows the detailed object information, project activities, the                 ','2000-09-14 09:02:47.000000',2,35,5,_binary '\0'),(105,'Monitored servers include MySQL, MariaDB and SQL Server, and compatible with cloud                  ','2014-09-08 19:52:45.000000',1,49,5,_binary '\0'),(106,'SSH serves to prevent such vulnerabilities and allows you to access a remote server\'s               ','2001-05-10 03:29:25.000000',2,4,3,_binary '\0'),(108,'hay vclra a b owibxjxjjd','2024-06-09 23:50:15.054000',1,3,1,_binary '\0'),(109,'hay vclra a b owibxjxjjd','2024-06-09 23:50:17.836000',1,3,1,_binary '\0'),(110,'hay vclra a b owibxjxjjd','2024-06-09 23:50:18.589000',1,3,1,_binary '\0'),(111,'hay vclra a b owibxjxjjd','2024-06-09 23:50:19.200000',1,3,1,_binary '\0'),(112,'hay vclra a b owibxjxjjd','2024-06-09 23:50:19.201000',1,3,1,_binary '\0'),(113,'hay quá a ơi','2024-06-10 17:08:58.286000',1,7,1,_binary '\0'),(114,'hay quá','2024-06-16 00:25:28.642000',1,57,1,_binary '\0'),(115,'hay quá a ưi','2024-06-16 00:48:43.058000',1,57,1,_binary '\0'),(116,'hay quá ','2024-06-21 20:20:45.000000',2,28,1,_binary '\0'),(117,'hay quá','2024-06-23 15:20:25.652000',1,58,6,_binary '\0'),(118,'alo','2024-06-25 12:16:10.815000',1,57,1,_binary '\0'),(119,'hay lắm ','2024-06-25 12:22:10.000000',2,57,1,_binary '\0'),(120,'đỉnh','2024-06-30 20:46:19.000000',1,1,1,_binary '\0'),(121,'123','2024-11-10 22:31:33.126000',1,57,6,_binary '\0');
/*!40000 ALTER TABLE `comments` ENABLE KEYS */;
UNLOCK TABLES;

--
-- Table structure for table `histories`
--

DROP TABLE IF EXISTS `histories`;
/*!40101 SET @saved_cs_client     = @@character_set_client */;
/*!50503 SET character_set_client = utf8mb4 */;
CREATE TABLE `histories` (
  `id` int NOT NULL AUTO_INCREMENT,
  `chapter_id` int DEFAULT NULL,
  `user_id` int DEFAULT NULL,
  `is_deleted` bit(1) DEFAULT b'0',
  PRIMARY KEY (`id`),
  KEY `FKo7kr2od8b4qt4vjxpsb3o4xo1` (`chapter_id`),
  KEY `FK8w9eva74w7t7xtf2opb33f8bq` (`user_id`),
  CONSTRAINT `FK8w9eva74w7t7xtf2opb33f8bq` FOREIGN KEY (`user_id`) REFERENCES `users` (`id`),
  CONSTRAINT `FKo7kr2od8b4qt4vjxpsb3o4xo1` FOREIGN KEY (`chapter_id`) REFERENCES `chapters` (`id`)
) ENGINE=InnoDB AUTO_INCREMENT=3 DEFAULT CHARSET=utf8mb4 COLLATE=utf8mb4_unicode_ci;
/*!40101 SET character_set_client = @saved_cs_client */;

--
-- Dumping data for table `histories`
--

LOCK TABLES `histories` WRITE;
/*!40000 ALTER TABLE `histories` DISABLE KEYS */;
INSERT INTO `histories` VALUES (1,1,1,_binary '\0'),(2,1,1,_binary '\0');
/*!40000 ALTER TABLE `histories` ENABLE KEYS */;
UNLOCK TABLES;

--
-- Table structure for table `invalidated_tokens`
--

DROP TABLE IF EXISTS `invalidated_tokens`;
/*!40101 SET @saved_cs_client     = @@character_set_client */;
/*!50503 SET character_set_client = utf8mb4 */;
CREATE TABLE `invalidated_tokens` (
  `token_id` varchar(255) CHARACTER SET utf8mb4 COLLATE utf8mb4_unicode_ci NOT NULL,
  `expired` datetime(6) DEFAULT NULL,
  PRIMARY KEY (`token_id`)
) ENGINE=InnoDB DEFAULT CHARSET=utf8mb4 COLLATE=utf8mb4_unicode_ci;
/*!40101 SET character_set_client = @saved_cs_client */;

--
-- Dumping data for table `invalidated_tokens`
--

LOCK TABLES `invalidated_tokens` WRITE;
/*!40000 ALTER TABLE `invalidated_tokens` DISABLE KEYS */;
INSERT INTO `invalidated_tokens` VALUES ('38e0f0b5-b975-4027-a7e8-553b07c00523','2024-06-25 17:46:25.000000'),('3a3c613c-6aa2-4356-946e-adecf114bd10','2024-06-25 16:57:18.000000'),('49a66568-1a07-41e0-bbda-f1910b430ba0','2024-06-22 02:05:50.000000'),('50e7cb24-dc07-47ae-82dc-031a8a54c1dc','2024-05-19 19:52:19.000000'),('5a0c83af-8357-45ed-ab98-71ca4fdbc992','2024-05-03 19:34:24.000000'),('5f2a4a1b-a0e5-4848-8e12-3ffdb6b86f8c','2024-05-18 03:54:07.000000'),('764cb9e7-9870-4b3f-a075-e2ca92759577','2024-04-17 04:24:56.000000'),('ab9ec2f6-29a2-4480-aaf4-0109e77f70bd','2024-05-03 21:54:30.000000'),('fb137ed1-aa37-4aeb-909a-e2e56335763a','2024-05-04 01:14:22.000000');
/*!40000 ALTER TABLE `invalidated_tokens` ENABLE KEYS */;
UNLOCK TABLES;

--
-- Table structure for table `items`
--

DROP TABLE IF EXISTS `items`;
/*!40101 SET @saved_cs_client     = @@character_set_client */;
/*!50503 SET character_set_client = utf8mb4 */;
CREATE TABLE `items` (
  `id` int NOT NULL AUTO_INCREMENT,
  `image` varchar(255) CHARACTER SET utf8mb4 COLLATE utf8mb4_unicode_ci DEFAULT NULL,
  `name` varchar(255) CHARACTER SET utf8mb4 COLLATE utf8mb4_unicode_ci DEFAULT NULL,
  `point` int NOT NULL,
  PRIMARY KEY (`id`)
) ENGINE=InnoDB AUTO_INCREMENT=12 DEFAULT CHARSET=utf8mb4 COLLATE=utf8mb4_unicode_ci;
/*!40101 SET character_set_client = @saved_cs_client */;

--
-- Dumping data for table `items`
--

LOCK TABLES `items` WRITE;
/*!40000 ALTER TABLE `items` DISABLE KEYS */;
INSERT INTO `items` VALUES (1,'https://i.pinimg.com/564x/be/b2/34/beb234d9273e8c029659b37b94992e45.jpg','Avatar Girl 1',100),(2,'https://i.pinimg.com/736x/08/41/6e/08416e44638f0b21e496332715b11f97.jpg','Avatar Girl 2',100),(3,'https://i.pinimg.com/564x/fa/bd/d9/fabdd9a477995015fbd962d24aa11f61.jpg','Avatar Girl 3',100),(4,'https://i.pinimg.com/564x/16/cf/11/16cf11c37520040742aee83aeebe395c.jpg','Avatar Girl 4',100),(5,'https://i.pinimg.com/564x/f6/8d/fc/f68dfce8969061c60bf35c3a92632ba6.jpg','Avatar Girl 5',100),(6,'https://i.pinimg.com/236x/06/2f/8f/062f8f8d0f731a00e565a45606339762.jpg','Avatar Boy 1',100),(7,'https://i.pinimg.com/236x/27/a5/26/27a526af665a5a54d7ab27cfcaaf3c76.jpg','Avatar Boy 2',100),(8,'https://i.pinimg.com/236x/67/e7/d8/67e7d8c9d7b38db375ecd960dfd6cb6d.jpg','Avatar Boy 3',100),(9,'https://i.pinimg.com/236x/7c/b7/a9/7cb7a9baf775c8895d7fd7a95771d63f.jpg','Avatar Boy 4',100),(10,'https://i.pinimg.com/236x/86/12/13/86121300cc7a7a3145b71dca9ebc77cd.jpg','Avatar Boy 5',100),(11,'https://i.pinimg.com/236x/bb/d8/b6/bbd8b61fec49b2d9b32aebceb79dbe77.jpg','Avatar Boy 6',100);
/*!40000 ALTER TABLE `items` ENABLE KEYS */;
UNLOCK TABLES;

--
-- Table structure for table `notifications`
--

DROP TABLE IF EXISTS `notifications`;
/*!40101 SET @saved_cs_client     = @@character_set_client */;
/*!50503 SET character_set_client = utf8mb4 */;
CREATE TABLE `notifications` (
  `id` int NOT NULL AUTO_INCREMENT,
  `content` varchar(255) CHARACTER SET utf8mb4 COLLATE utf8mb4_unicode_ci DEFAULT NULL,
  `date` date DEFAULT NULL,
  `title` varchar(255) CHARACTER SET utf8mb4 COLLATE utf8mb4_unicode_ci DEFAULT NULL,
  PRIMARY KEY (`id`)
) ENGINE=InnoDB AUTO_INCREMENT=3 DEFAULT CHARSET=utf8mb4 COLLATE=utf8mb4_unicode_ci;
/*!40101 SET character_set_client = @saved_cs_client */;

--
-- Dumping data for table `notifications`
--

LOCK TABLES `notifications` WRITE;
/*!40000 ALTER TABLE `notifications` DISABLE KEYS */;
INSERT INTO `notifications` VALUES (1,'Những tài khoản có bình luận văn tục, bôi nhọ danh dự của cá nhân, tổ chức sẽ bị khóa vĩnh viễn. Thông tin đến đọc giả.','2021-11-19','Xử lý vi phạm'),(2,'Hệ thống ứng dụng đọc truyện Argon Comic xin phép tạm dừng vào ngày 06-12-2021 để bảo trì. Thông tin đến đọc giả.','2021-12-05','Bảo trì hệ thống');
/*!40000 ALTER TABLE `notifications` ENABLE KEYS */;
UNLOCK TABLES;

--
-- Table structure for table `ratings`
--

DROP TABLE IF EXISTS `ratings`;
/*!40101 SET @saved_cs_client     = @@character_set_client */;
/*!50503 SET character_set_client = utf8mb4 */;
CREATE TABLE `ratings` (
  `id` int NOT NULL AUTO_INCREMENT,
  `created_at` date DEFAULT NULL,
  `star` float DEFAULT NULL,
  `chapter_id` int DEFAULT NULL,
  `user_id` int DEFAULT NULL,
  `is_deleted` bit(1) DEFAULT b'0',
  PRIMARY KEY (`id`),
  KEY `FK5gtr0tao9mcwj1jas1ujrra81` (`chapter_id`),
  KEY `FKb3354ee2xxvdrbyq9f42jdayd` (`user_id`),
  CONSTRAINT `FK5gtr0tao9mcwj1jas1ujrra81` FOREIGN KEY (`chapter_id`) REFERENCES `chapters` (`id`),
  CONSTRAINT `FKb3354ee2xxvdrbyq9f42jdayd` FOREIGN KEY (`user_id`) REFERENCES `users` (`id`)
) ENGINE=InnoDB AUTO_INCREMENT=1030 DEFAULT CHARSET=utf8mb4 COLLATE=utf8mb4_unicode_ci;
/*!40101 SET character_set_client = @saved_cs_client */;

--
-- Dumping data for table `ratings`
--

LOCK TABLES `ratings` WRITE;
/*!40000 ALTER TABLE `ratings` DISABLE KEYS */;
INSERT INTO `ratings` VALUES (1,'2024-06-30',5,1,1,_binary '\0'),(8,'2024-06-05',3.5,5,1,_binary '\0'),(11,'2024-06-12',5,2,1,_binary '\0'),(13,'2024-06-12',5,11,1,_binary '\0'),(14,'2024-06-12',2.5,4,1,_binary '\0'),(15,'2024-06-23',3,57,1,_binary '\0'),(18,'2024-06-12',4.5,58,1,_binary '\0'),(19,'2024-06-30',4,59,1,_binary '\0'),(20,'2024-06-12',1.5,10,1,_binary '\0'),(21,'2024-06-12',1,3,1,_binary '\0'),(22,'2024-06-25',2.5,54,1,_binary '\0'),(23,'2024-06-17',3,55,1,_binary '\0');
/*!40000 ALTER TABLE `ratings` ENABLE KEYS */;
UNLOCK TABLES;

--
-- Table structure for table `redeem_reward`
--

DROP TABLE IF EXISTS `redeem_reward`;
/*!40101 SET @saved_cs_client     = @@character_set_client */;
/*!50503 SET character_set_client = utf8mb4 */;
CREATE TABLE `redeem_reward` (
  `id` int NOT NULL AUTO_INCREMENT,
  `date` date DEFAULT NULL,
  `item_id` int DEFAULT NULL,
  `user_id` int DEFAULT NULL,
  PRIMARY KEY (`id`),
  KEY `FK5djm4oene74uq7fp6jv8ny4lu` (`item_id`),
  KEY `FK6548pl3ax4mublebneno3wv2k` (`user_id`),
  CONSTRAINT `FK5djm4oene74uq7fp6jv8ny4lu` FOREIGN KEY (`item_id`) REFERENCES `items` (`id`),
  CONSTRAINT `FK6548pl3ax4mublebneno3wv2k` FOREIGN KEY (`user_id`) REFERENCES `users` (`id`)
) ENGINE=InnoDB AUTO_INCREMENT=11 DEFAULT CHARSET=utf8mb4 COLLATE=utf8mb4_unicode_ci;
/*!40101 SET character_set_client = @saved_cs_client */;

--
-- Dumping data for table `redeem_reward`
--

LOCK TABLES `redeem_reward` WRITE;
/*!40000 ALTER TABLE `redeem_reward` DISABLE KEYS */;
INSERT INTO `redeem_reward` VALUES (6,'2024-06-21',1,1),(7,'2024-06-21',2,1);
/*!40000 ALTER TABLE `redeem_reward` ENABLE KEYS */;
UNLOCK TABLES;

--
-- Table structure for table `reward_points`
--

DROP TABLE IF EXISTS `reward_points`;
/*!40101 SET @saved_cs_client     = @@character_set_client */;
/*!50503 SET character_set_client = utf8mb4 */;
CREATE TABLE `reward_points` (
  `id` int NOT NULL AUTO_INCREMENT,
  `date` date DEFAULT NULL,
  `point` int DEFAULT NULL,
  `user_id` int DEFAULT NULL,
  PRIMARY KEY (`id`),
  KEY `FKovyxai0u4f1lfi8brc9kovumt` (`user_id`),
  CONSTRAINT `FKovyxai0u4f1lfi8brc9kovumt` FOREIGN KEY (`user_id`) REFERENCES `users` (`id`)
) ENGINE=InnoDB AUTO_INCREMENT=35 DEFAULT CHARSET=utf8mb4 COLLATE=utf8mb4_unicode_ci;
/*!40101 SET character_set_client = @saved_cs_client */;

--
-- Dumping data for table `reward_points`
--

LOCK TABLES `reward_points` WRITE;
/*!40000 ALTER TABLE `reward_points` DISABLE KEYS */;
INSERT INTO `reward_points` VALUES (20,'2024-05-22',5,1),(21,'2024-05-23',5,1),(22,'2024-05-30',5,1),(23,'2024-06-03',200,1),(24,'2024-06-04',5,1),(25,'2024-06-06',5,1),(26,'2024-06-09',5,1),(27,'2024-06-10',10,1),(28,'2024-06-16',5,1),(29,'2024-06-17',10,1),(31,'2024-06-21',15,1),(32,'2024-06-23',5,6),(33,'2024-06-25',5,1),(34,'2024-06-30',5,1);
/*!40000 ALTER TABLE `reward_points` ENABLE KEYS */;
UNLOCK TABLES;

--
-- Table structure for table `users`
--

DROP TABLE IF EXISTS `users`;
/*!40101 SET @saved_cs_client     = @@character_set_client */;
/*!50503 SET character_set_client = utf8mb4 */;
CREATE TABLE `users` (
  `id` int NOT NULL AUTO_INCREMENT,
  `username` varchar(255) CHARACTER SET utf8mb4 COLLATE utf8mb4_unicode_ci DEFAULT NULL,
  `password` varchar(255) CHARACTER SET utf8mb4 COLLATE utf8mb4_unicode_ci DEFAULT NULL,
  `avatar` varchar(255) CHARACTER SET utf8mb4 COLLATE utf8mb4_unicode_ci DEFAULT NULL,
  `email` varchar(255) CHARACTER SET utf8mb4 COLLATE utf8mb4_unicode_ci DEFAULT NULL,
  `full_name` varchar(255) CHARACTER SET utf8mb4 COLLATE utf8mb4_unicode_ci DEFAULT NULL,
  `phone` varchar(255) CHARACTER SET utf8mb4 COLLATE utf8mb4_unicode_ci DEFAULT NULL,
  `point` int DEFAULT NULL,
  `role` varchar(255) CHARACTER SET utf8mb4 COLLATE utf8mb4_unicode_ci DEFAULT NULL,
  `otp` varchar(255) CHARACTER SET utf8mb4 COLLATE utf8mb4_unicode_ci DEFAULT NULL,
  `status` int DEFAULT NULL,
  PRIMARY KEY (`id`)
) ENGINE=InnoDB AUTO_INCREMENT=7 DEFAULT CHARSET=utf8mb4 COLLATE=utf8mb4_unicode_ci;
/*!40101 SET character_set_client = @saved_cs_client */;

--
-- Dumping data for table `users`
--

LOCK TABLES `users` WRITE;
/*!40000 ALTER TABLE `users` DISABLE KEYS */;
INSERT INTO `users` VALUES (1,'admin','$2a$10$TFdaP5gCGLXdX0gt1JHAReQAOQnSJQinx9uQGHav31RtHrmFiol8y','https://i.pinimg.com/564x/be/b2/34/beb234d9273e8c029659b37b94992e45.jpg','vophihoang252003@gmail.com','võ Phi Hoàng','1236466',NULL,'ADMIN','480835',0),(2,'user1','$2a$12$21HJaS0umcU7c/S4aReVFuB.pp1W1/qESS42RMT3U7ZhCNLCuEOe2','https://vi.pngtree.com//freepng/gray-cartoon-cat-cat-cartoon-animals-gray_3925392.html ','vutruong@gmail.com','Người dùng 1','0392382167',NULL,'USER',NULL,0),(3,'user2','$2a$12$21HJaS0umcU7c/S4aReVFuB.pp1W1/qESS42RMT3U7ZhCNLCuEOe2',NULL,'user1@gmail.com','Người dùng 2',NULL,NULL,'USER','293163',0),(4,'user3','$2a$12$21HJaS0umcU7c/S4aReVFuB.pp1W1/qESS42RMT3U7ZhCNLCuEOe2',NULL,'user2@gmail.com','Người dùng 3',NULL,NULL,'USER',NULL,0),(5,'123456','$2a$10$9gWnzX83EipXJfNi4rXAG.ex1LXoT4mAYLbnHr3pnyjVM.VVOUu72',NULL,'123456@gmail.com',NULL,NULL,NULL,'USER',NULL,1),(6,'ducvui2003','$2a$10$ZX201REwEOfwq3Kr/ALNie.Y0YurJ6CjOcT00CoYionSUTWV5pFha',NULL,'ducvui2003@gmail.com',NULL,NULL,NULL,'ADMIN',NULL,0);
/*!40000 ALTER TABLE `users` ENABLE KEYS */;
UNLOCK TABLES;

--
-- Dumping routines for database 'comic'
--
/*!40103 SET TIME_ZONE=@OLD_TIME_ZONE */;

/*!40101 SET SQL_MODE=@OLD_SQL_MODE */;
/*!40014 SET FOREIGN_KEY_CHECKS=@OLD_FOREIGN_KEY_CHECKS */;
/*!40014 SET UNIQUE_CHECKS=@OLD_UNIQUE_CHECKS */;
/*!40101 SET CHARACTER_SET_CLIENT=@OLD_CHARACTER_SET_CLIENT */;
/*!40101 SET CHARACTER_SET_RESULTS=@OLD_CHARACTER_SET_RESULTS */;
/*!40101 SET COLLATION_CONNECTION=@OLD_COLLATION_CONNECTION */;
/*!40111 SET SQL_NOTES=@OLD_SQL_NOTES */;

-- Dump completed on 2025-01-31 13:31:11
